32.9,22.14,47.89,22.82
32.9,22.14,47.9,22.84
32.89,22.14,47.91,22.87
32.88,22.16,47.91,22.88
32.87,22.16,47.98,22.92
32.85,22.16,47.97,22.95
32.84,22.16,48.16,22.98
32.82,22.16,48.09,23
32.8,22.16,48.07,23.01
32.78,22.16,48.19,23.02
32.76,22.15,48.26,23.06
32.74,22.15,48.45,23.09
32.71,22.15,48.47,23.11
32.68,22.16,48.61,23.11
32.66,22.17,48.44,23.11
32.63,22.17,48.37,23.12
32.6,22.16,48.34,23.14
32.57,22.16,48.58,23.14
32.53,22.17,48.84,23.12
32.5,22.17,49.08,23.11
32.47,22.17,49.07,23.11
32.43,22.17,49.13,23.1
32.4,22.17,49.31,23.09
32.36,22.17,49.26,23.09
32.32,22.17,49.32,23.11
32.29,22.18,49.2,23.1
32.25,22.18,49.11,23.09
32.21,22.18,48.99,23.09
32.18,22.18,49,23.1
32.14,22.19,49.09,23.08
32.1,22.19,49.24,23.09
32.06,22.19,49.24,23.09
32.01,22.19,49.25,23.12
31.95,22.19,49.29,23.13
31.88,22.2,49.5,23.13
31.81,22.2,49.47,23.14
31.73,22.2,49.52,23.14
31.65,22.2,49.58,23.15
31.56,22.21,49.63,23.16
31.47,22.2,49.72,23.18
31.37,22.21,49.75,23.16
31.27,22.21,49.86,23.17
31.18,22.21,49.79,23.17
31.08,22.21,49.85,23.16
30.98,22.23,50.06,23.13
30.88,22.23,50.21,23.12
30.78,22.23,50.11,23.11
30.69,22.22,50.13,23.1
30.6,22.23,50.12,23.09
30.51,22.24,50.14,23.07
30.43,22.25,50.15,23.07
30.35,22.27,50.16,23.06
30.28,22.3,50.12,23.04
30.21,22.32,50.36,23.04
30.15,22.34,50.37,23.06
30.1,22.36,50.54,23.08
30.06,22.39,50.32,23.11
30.03,22.43,50.2,23.1
30.01,22.45,50.2,23.15
30,22.48,50.2,23.2
30,22.52,50.25,23.23
30.01,22.56,50.26,23.27
30.03,22.6,50.26,23.31
30.06,22.63,50.23,23.36
30.09,22.67,50.22,23.41
30.14,22.72,50.28,23.44
30.18,22.78,50.28,23.46
30.24,22.83,50.25,23.5
30.3,22.88,50.05,23.52
30.36,22.94,50.35,23.51
30.43,22.98,50.33,23.53
30.51,22.99,50.22,23.58
30.58,23,50.07,23.63
30.66,23.02,50.07,23.66
30.75,23.04,49.91,23.69
30.83,23.06,49.63,23.73
30.92,23.08,49.84,23.77
31.01,23.12,50.07,23.79
31.1,23.15,50.08,23.85
31.19,23.19,50.08,23.88
31.28,23.24,50.03,23.9
31.37,23.28,49.96,23.94
31.46,23.32,50,23.98
31.55,23.36,50,24.03
31.64,23.4,49.91,24.07
31.72,23.43,49.84,24.13
31.8,23.48,49.62,24.16
31.88,23.51,49.42,24.19
31.96,23.54,49.38,24.21
32.03,23.58,49.41,24.23
32.1,23.62,49.54,24.27
32.17,23.65,49.63,24.32
32.24,23.69,49.59,24.36
32.31,23.72,49.63,24.41
32.38,23.77,49.56,24.45
32.45,23.82,49.48,24.51
32.53,23.87,49.31,24.56
32.61,23.92,49.24,24.62
32.68,23.96,49.16,24.7
32.76,24.01,49.13,24.74
32.84,24.05,49.1,24.8
32.91,24.09,49.05,24.86
32.99,24.13,49.17,24.91
33.06,24.18,49.16,24.93
33.14,24.22,49.18,24.99
33.21,24.26,49.21,25.03
33.28,24.3,49.23,25.07
33.35,24.34,49.26,25.11
33.42,24.37,49.17,25.16
33.49,24.4,49.15,25.2
33.55,24.43,49.02,25.25
33.61,24.45,49.02,25.32
33.67,24.49,48.88,25.35
33.73,24.53,48.75,25.37
33.78,24.57,48.73,25.4
33.83,24.6,48.76,25.44
33.87,24.64,48.82,25.48
33.91,24.69,48.75,25.49
33.94,24.72,48.64,25.53
33.97,24.75,48.69,25.57
34,24.78,48.61,25.62
34.02,24.81,48.73,25.66
34.04,24.86,48.91,25.69
34.06,24.9,48.93,25.74
34.07,24.96,48.82,25.77
34.08,25.01,48.8,25.83
34.08,25.06,48.77,25.87
34.09,25.11,48.92,25.93
34.09,25.15,48.86,25.98
34.09,25.19,48.88,26.03
34.09,25.24,48.88,26.06
34.08,25.28,48.76,26.12
34.08,25.3,48.37,26.2
34.07,25.32,48.1,26.25
34.06,25.36,48.06,26.27
34.04,25.39,48.19,26.29
34.03,25.43,48.37,26.31
34.01,25.47,48.49,26.33
34,25.49,48.43,26.37
33.98,25.51,48.32,26.41
33.96,25.53,48.22,26.41
33.93,25.53,48.28,26.45
33.91,25.54,48.19,26.47
33.89,25.55,48.19,26.46
33.86,25.55,48.14,26.47
33.84,25.54,48.1,26.47
33.81,25.54,48.2,26.47
33.78,25.54,48.07,26.46
33.76,25.53,48.14,26.47
33.73,25.53,48.13,26.47
33.7,25.53,48.24,26.47
33.67,25.52,48.25,26.49
33.64,25.52,48.24,26.49
33.6,25.53,48.19,26.49
33.56,25.53,48.21,26.51
33.52,25.54,48.17,26.52
33.48,25.57,48.39,26.51
33.43,25.59,48.51,26.53
33.38,25.59,48.41,26.56
33.33,25.57,48.48,26.57
33.28,25.54,48.51,26.57
33.23,25.51,48.5,26.56
33.18,25.46,48.52,26.58
33.13,25.43,48.72,26.56
33.08,25.4,48.86,26.55
33.02,25.38,49.06,26.52
32.97,25.36,49.13,26.49
32.92,25.35,49.25,26.45
32.87,25.34,49.25,26.44
32.82,25.34,48.93,26.41
32.77,25.34,48.96,26.38
32.72,25.34,49.36,26.36
32.68,25.34,49.42,26.34
32.63,25.33,49.55,26.34
32.59,25.31,49.56,26.33
32.55,25.29,49.4,26.31
32.51,25.27,49.38,26.29
32.48,25.25,49.75,26.26
32.45,25.22,49.91,26.25
32.42,25.19,49.87,26.22
32.4,25.16,49.89,26.2
32.38,25.13,49.98,26.18
32.37,25.1,50.03,26.15
32.37,25.06,50.11,26.15
32.38,25.02,50.13,26.13
32.39,24.98,50.04,26.1
32.41,24.94,49.94,26.07
32.44,24.9,49.29,26.02
32.47,24.85,49.18,25.97
32.51,24.79,49.56,25.93
32.54,24.72,49.74,25.88
32.59,24.65,49.6,25.83
32.63,24.59,49.74,25.77
32.68,24.52,49.86,25.73
32.73,24.48,49.71,25.65
32.78,24.43,49.73,25.6
32.82,24.38,49.69,25.56
32.87,24.32,49.68,25.54
32.92,24.27,49.5,25.51
32.97,24.21,49.7,25.5
33.01,24.16,49.81,25.46
33.05,24.11,49.92,25.44
33.09,24.06,49.98,25.41
33.12,24.02,50.2,25.37
33.15,23.97,50.18,25.34
33.18,23.92,50.36,25.32
33.2,23.88,50.43,25.28
33.21,23.83,50.47,25.25
33.21,23.78,50.58,25.21
33.21,23.73,50.63,25.17
33.2,23.68,50.66,25.13
33.18,23.64,50.74,25.07
33.14,23.6,50.85,25.01
33.1,23.56,50.92,24.96
33.04,23.52,51.04,24.93
32.98,23.48,51.01,24.88
32.9,23.43,51.11,24.85
32.82,23.39,51.26,24.81
32.73,23.34,51.26,24.78
32.63,23.29,51.14,24.74
32.53,23.25,51.07,24.7
32.43,23.2,51.07,24.67
32.32,23.15,51.27,24.64
32.21,23.11,50.87,24.59
32.1,23.07,50.43,24.53
31.98,23.02,51.33,24.47
31.87,22.97,51.51,24.39
31.76,22.92,51.51,24.3
31.65,22.86,51.67,24.24
31.54,22.8,51.83,24.17
31.44,22.74,51.74,24.11
31.34,22.69,51.86,24.06
31.24,22.65,52.07,24.02
31.16,22.6,51.96,23.99
31.08,22.56,51.77,23.94
31,22.51,51.9,23.92
30.94,22.47,51.9,23.87
30.89,22.43,52.12,23.83
30.85,22.39,52.23,23.79
30.82,22.35,52.23,23.75
30.8,22.31,52.21,23.71
30.79,22.27,52.37,23.67
30.78,22.23,52.29,23.63
30.78,22.19,52.32,23.59
30.78,22.16,52.38,23.56
30.8,21.97,53.02,23.42
30.81,21.95,53.23,23.39
30.82,21.92,53.56,23.34
30.83,21.88,53.68,23.31
30.84,21.85,53.44,23.27
30.85,21.82,53.31,23.23
30.86,21.79,53.41,23.18
30.87,21.76,53.29,23.14
30.88,21.73,53.31,23.11
30.89,21.7,53.27,23.1
30.9,21.67,53.58,23.06
30.91,21.64,53.56,23.04
30.92,21.6,53.69,23.03
30.92,21.57,53.7,23
30.93,21.55,53.69,22.97
30.93,21.52,53.88,22.94
30.93,21.48,54.01,22.95
30.93,21.45,54.02,22.91
30.93,21.42,54.13,22.89
30.92,21.39,54.2,22.86
30.91,21.36,54.15,22.82
30.9,21.33,54.18,22.82
30.89,21.3,54.32,22.79
30.87,21.27,54.53,22.78
30.86,21.24,54.48,22.74
30.84,21.21,54.58,22.7
30.83,21.18,54.35,22.67
30.81,21.15,54.05,22.6
30.79,21.11,54.42,22.53
30.78,21.07,54.55,22.46
30.76,21.03,54.54,22.4
30.74,21.01,54.59,22.32
30.72,20.97,54.77,22.28
30.7,20.93,54.86,22.25
30.68,20.9,54.89,22.22
30.67,20.87,54.93,22.2
30.65,20.83,54.95,22.18
30.63,20.79,54.99,22.15
30.61,20.76,55.14,22.13
30.59,20.73,55.08,22.1
30.57,20.7,55.18,22.07
30.55,20.67,55.35,22.04
30.54,20.65,55.41,22
30.52,20.62,55.21,21.97
30.5,20.6,55.12,21.94
30.49,20.57,55.14,21.94
30.47,20.55,55.16,21.93
30.45,20.53,55.24,21.92
30.44,20.51,55.34,21.91
30.43,20.48,55.36,21.91
30.41,20.45,55.49,21.89
30.4,20.43,55.69,21.85
30.39,20.41,55.69,21.8
30.38,20.38,55.78,21.77
30.38,20.35,55.65,21.73
30.38,20.32,55.73,21.73
30.38,20.29,55.9,21.72
30.39,20.27,56.02,21.69
30.39,20.25,56.1,21.65
30.4,20.23,56.1,21.64
30.41,20.22,56.05,21.6
30.43,20.19,56.01,21.59
30.44,20.16,56.16,21.56
30.46,20.13,56.2,21.54
30.47,20.11,56.32,21.49
30.49,20.09,56.41,21.42
30.5,20.06,56.59,21.4
30.52,20.03,56.53,21.37
30.53,20,56.52,21.33
30.55,19.97,56.77,21.3
30.56,19.94,56.95,21.26
30.58,19.91,56.79,21.23
30.59,19.89,56.85,21.19
30.6,19.86,56.87,21.16
30.61,19.83,56.92,21.12
30.62,19.81,56.92,21.09
30.62,19.78,57.06,21.07
30.62,19.75,57.15,21.05
30.62,19.73,57.3,21.02
30.62,19.7,57.34,21
30.61,19.68,57.29,20.97
30.6,19.66,57.38,20.93
30.58,19.63,57.32,20.91
30.56,19.61,57.43,20.89
30.52,19.61,57.43,20.84
30.48,19.6,57.48,20.84
30.44,19.58,57.54,20.86
30.38,19.56,57.57,20.88
30.32,19.55,57.65,20.89
30.26,19.55,57.86,20.85
30.19,19.52,57.58,20.85
30.11,19.5,57.58,20.82
30.04,19.47,57.55,20.8
29.96,19.44,57.61,20.78
29.87,19.41,57.63,20.75
29.79,19.38,57.64,20.72
29.7,19.35,57.78,20.68
29.61,19.32,57.8,20.66
29.52,19.29,57.76,20.62
29.43,19.27,57.98,20.58
29.34,19.24,58.05,20.55
29.25,19.22,58.09,20.51
29.16,19.2,58.2,20.48
29.07,19.18,58.38,20.43
28.99,19.17,58.45,20.38
28.91,19.15,58.49,20.33
28.83,19.12,58.53,20.29
28.75,19.09,58.52,20.27
28.68,19.07,58.77,20.24
28.62,19.04,59.01,20.21
28.56,19.01,59.15,20.19
28.5,18.97,59.15,20.16
28.45,18.94,59.09,20.14
28.4,18.91,59.08,20.11
28.35,18.89,59.1,20.08
28.3,18.86,59.24,20.07
28.25,18.84,59.26,20.07
28.2,18.83,59.43,20.03
28.15,18.82,59.5,20.01
28.1,18.81,59.46,19.99
28.06,18.8,59.42,19.95
28.01,18.78,59.44,19.94
27.96,18.75,59.42,19.94
27.92,18.74,59.55,19.88
27.87,18.71,59.7,19.86
27.83,18.69,59.32,19.82
27.79,18.67,59.45,19.77
27.74,18.66,59.56,19.71
27.7,18.66,59.17,19.65
27.66,18.65,59.35,19.64
27.62,18.64,59.43,19.63
27.58,18.64,59.53,19.59
27.54,18.64,59.72,19.55
27.5,18.62,59.74,19.56
27.46,18.6,59.56,19.56
27.42,18.58,59.67,19.55
27.38,18.56,59.65,19.55
27.35,18.55,59.7,19.55
27.31,18.54,59.65,19.54
27.27,18.54,59.68,19.51
27.24,18.54,59.73,19.5
27.2,18.53,59.76,19.49
27.16,18.53,59.8,19.49
27.13,18.54,59.93,19.48
27.09,18.55,59.94,19.49
27.06,18.56,59.75,19.49
27.02,18.58,59.54,19.46
26.98,18.58,59.63,19.44
26.95,18.57,59.82,19.43
26.91,18.56,59.88,19.44
26.88,18.55,60.05,19.45
26.85,18.56,60.1,19.43
26.82,18.56,60.15,19.43
26.78,18.56,60.19,19.43
26.76,18.57,60.19,19.42
26.73,18.58,60.31,19.42
26.7,18.6,60.26,19.42
26.68,18.62,60.11,19.44
26.65,18.64,59.87,19.45
26.63,18.66,59.77,19.49
26.62,18.68,59.83,19.52
26.6,18.7,59.88,19.56
26.59,18.73,59.7,19.57
26.57,18.75,59.59,19.61
26.57,18.79,59.52,19.59
26.56,18.82,59.38,19.59
26.56,18.85,59.33,19.58
26.56,18.88,59.4,19.56
26.57,18.91,59.6,19.57
26.57,18.94,59.51,19.58
26.58,18.96,59.64,19.63
26.6,18.98,59.38,19.66
26.62,18.99,59.35,19.72
26.66,19,59.3,19.75
26.7,19.02,59.4,19.77
26.75,19.05,59.39,19.77
26.82,19.08,59.4,19.8
26.89,19.1,59.28,19.84
26.97,19.12,59.32,19.87
27.06,19.15,59.45,19.85
27.15,19.18,59.32,19.82
27.25,19.2,59.19,19.82
27.36,19.22,59.43,19.83
27.47,19.24,59.46,19.85
27.59,19.27,59.35,19.87
27.71,19.29,59.24,19.89
27.84,19.32,59.04,19.89
27.96,19.35,58.97,19.92
28.1,19.38,58.94,19.96
28.23,19.41,59.1,19.99
28.36,19.44,59.18,20.03
28.5,19.47,59.24,20.08
28.64,19.51,59.16,20.12
28.77,19.55,59.14,20.18
28.91,19.59,59.15,20.22
29.04,19.64,59.18,20.25
29.18,19.68,59.22,20.31
29.31,19.75,59.37,20.3
29.44,19.8,59.05,20.31
29.56,19.85,59.05,20.35
29.68,19.9,59.07,20.4
29.8,19.93,59.05,20.47
29.92,19.97,58.95,20.53
30.04,20.01,58.95,20.59
30.16,20.06,58.89,20.63
30.29,20.11,58.81,20.66
30.42,20.16,58.51,20.7
30.56,20.21,58.38,20.73
30.7,20.26,58.24,20.75
30.83,20.31,58.24,20.79
30.97,20.37,58.33,20.82
31.12,20.42,58.21,20.85
31.26,20.47,58.15,20.89
31.4,20.53,58.04,20.92
31.54,20.58,57.88,20.95
31.68,20.63,57.76,20.98
31.82,20.67,57.9,21.03
31.96,20.71,58.01,21.08
32.1,20.75,57.87,21.15
32.23,20.8,57.87,21.2
32.36,20.84,57.27,21.25
32.49,20.88,57.07,21.28
32.61,20.91,57.22,21.3
32.73,20.94,57.14,21.32
32.85,20.99,57.07,21.34
32.96,21.05,57.15,21.39
33.07,21.1,57.09,21.47
33.17,21.14,56.99,21.57
33.26,21.19,56.86,21.64
33.35,21.25,56.74,21.7
33.43,21.31,56.44,21.76
33.5,21.37,56.29,21.81
29.3,22.17,42.52,22.05
29.36,22.2,43.06,22.12
29.43,22.22,43.05,22.2
29.52,22.25,42.99,22.24
29.62,22.27,42.98,22.28
29.73,22.29,42.82,22.32
29.85,22.3,42.88,22.36
29.97,22.3,42.91,22.41
30.11,22.3,42.95,22.44
30.25,22.31,43.16,22.48
30.39,22.31,43.31,22.49
30.54,22.3,43.41,22.52
30.69,22.3,43.61,22.53
30.85,22.29,44.05,22.57
31.01,22.29,44.65,22.59
31.16,22.3,44.94,22.61
31.32,22.31,45.17,22.65
31.47,22.33,45.16,22.66
31.62,22.33,45.24,22.68
31.77,22.34,45.14,22.68
31.91,22.33,45.01,22.69
32.04,22.31,45.06,22.7
32.17,22.3,45.3,22.7
32.29,22.3,45.49,22.68
32.4,22.29,45.93,22.69
32.5,22.29,46.1,22.69
32.58,22.29,46.26,22.69
32.66,22.31,46.22,22.66
32.72,22.32,46.09,22.65
32.77,22.34,46.06,22.64
32.8,22.34,46.11,22.65
32.82,22.34,46.33,22.68
32.82,22.34,46.48,22.7
32.8,22.35,46.65,22.72
32.78,22.37,46.81,22.71
32.74,22.39,46.95,22.73
32.69,22.41,47.01,22.75
32.63,22.43,47.01,22.75
32.56,22.45,47.08,22.76
32.49,22.47,47.05,22.78
32.4,22.49,47.07,22.78
32.32,22.5,47.19,22.81
32.23,22.51,47.2,22.83
32.13,22.53,47.2,22.82
32.04,22.54,47.2,22.85
31.94,22.56,47.23,22.85
31.84,22.57,47.37,22.85
31.74,22.58,47.54,22.84
31.65,22.58,47.63,22.85
31.56,22.58,47.67,22.85
31.47,22.58,47.77,22.84
31.39,22.58,47.76,22.83
31.32,22.58,47.75,22.83
31.25,22.57,47.82,22.84
31.2,22.56,47.92,22.86
31.15,22.55,48.22,22.88
31.11,22.54,48.29,22.88
31.09,22.53,48.4,22.89
31.08,22.52,48.44,22.89
31.08,22.51,48.38,22.9
31.1,22.49,48.48,22.93
31.13,22.49,48.5,22.93
31.18,22.49,48.51,22.95
31.24,22.5,48.63,22.95
31.3,22.53,48.73,22.93
31.38,22.57,49.04,22.87
31.46,22.58,48.95,22.88
31.55,22.59,49.01,22.89
31.65,22.59,49.16,22.93
31.76,22.58,49.12,22.98
31.86,22.58,49.34,22.99
31.98,22.59,49.35,23
32.09,22.6,49.37,23.01
32.21,22.62,49.28,23.01
32.33,22.65,49.22,22.99
32.45,22.69,49.21,22.98
32.56,22.73,49.3,22.97
32.68,22.77,49.37,22.96
32.79,22.81,49.42,22.97
32.9,22.85,49.38,22.97
33.01,22.9,49.36,22.96
33.1,22.94,49.3,22.99
33.2,22.99,49.29,23
33.28,23.04,49.23,23
33.36,23.08,49.21,23.02
33.43,23.12,49.2,23.04
33.49,23.15,49.15,23.07
33.53,23.19,49.11,23.09
33.57,23.23,49.11,23.1
33.59,23.26,49.02,23.13
33.6,23.29,49.02,23.16
33.6,23.32,49,23.2
33.59,23.35,49.07,23.23
33.58,23.39,49.12,23.26
33.56,23.42,49.26,23.31
33.54,23.46,49.18,23.35
33.52,23.52,49.13,23.36
33.49,23.55,49.15,23.42
33.46,23.57,49.29,23.48
33.43,23.61,49.08,23.52
33.39,23.63,48.98,23.59
33.36,23.66,48.94,23.62
33.32,23.68,48.94,23.68
33.28,23.73,48.92,23.69
33.24,23.78,49.05,23.69
33.2,23.81,48.99,23.72
33.16,23.83,49.06,23.78
33.12,23.83,49.22,23.84
33.09,23.84,49.15,23.91
33.05,23.87,49.1,23.95
33.02,23.91,49.18,23.98
32.99,23.94,49.15,24.01
32.96,23.97,49.09,24.05
32.94,23.98,49.08,24.12
32.92,23.99,49.01,24.18
32.9,24.02,49.07,24.22
32.89,24.05,49.02,24.26
32.88,24.07,49.03,24.31
32.88,24.1,49.02,24.36
32.89,24.13,49.02,24.41
32.9,24.14,49.03,24.48
32.92,24.17,49.17,24.52
32.93,24.2,49.3,24.56
32.95,24.24,49.23,24.6
32.97,24.29,49.23,24.65
32.99,24.33,49.1,24.7
33.01,24.38,49.07,24.73
33.03,24.42,49.18,24.77
33.06,24.46,49.12,24.8
33.08,24.5,49.05,24.82
33.11,24.53,49.02,24.87
33.13,24.58,49.13,24.89
33.16,24.63,49,24.9
33.18,24.67,48.97,24.92
33.21,24.7,48.93,24.96
33.24,24.74,48.89,25
33.26,24.79,48.95,25.01
33.29,24.84,48.9,25.02
33.32,24.88,48.97,25.06
33.35,24.92,48.94,25.09
33.37,24.94,48.87,25.16
33.4,24.99,48.75,25.19
33.42,25.02,48.77,25.25
33.45,25.04,48.89,25.31
33.47,25.08,48.78,25.33
33.5,25.13,48.6,25.33
33.52,25.17,48.69,25.37
33.54,25.23,48.59,25.35
33.56,25.26,48.51,25.39
33.58,25.3,48.42,25.39
33.6,25.35,48.47,25.38
33.62,25.39,48.51,25.41
33.63,25.41,48.68,25.47
33.65,25.43,48.61,25.52
33.67,25.46,48.49,25.56
33.68,25.51,48.51,25.58
33.7,25.55,48.51,25.6
33.71,25.57,48.48,25.67
33.73,25.6,48.53,25.73
33.74,25.63,48.52,25.78
33.75,25.67,48.53,25.82
33.76,25.7,48.49,25.88
33.77,25.73,48.53,25.92
33.78,25.77,48.43,25.94
33.79,25.79,48.41,25.96
33.8,25.82,48.44,25.97
33.81,25.83,48.45,25.99
33.81,25.83,48.42,26.05
33.82,25.82,48.55,26.1
33.82,25.82,48.53,26.12
33.83,25.82,48.52,26.14
33.83,25.81,48.47,26.17
33.83,25.8,48.45,26.19
33.83,25.78,48.41,26.2
33.83,25.78,48.38,26.2
33.83,25.78,48.37,26.21
33.82,25.77,48.38,26.22
33.82,25.77,48.42,26.23
33.81,25.76,48.43,26.25
33.81,25.76,48.45,26.27
33.8,25.76,48.48,26.28
33.79,25.77,48.53,26.28
33.76,25.77,48.48,26.29
33.73,25.78,48.57,26.3
33.69,25.8,48.59,26.32
33.64,25.83,48.49,26.32
33.58,25.85,48.58,26.32
33.52,25.86,48.6,26.32
33.45,25.86,48.72,26.36
33.37,25.86,48.79,26.38
33.3,25.86,48.73,26.4
33.22,25.85,48.76,26.45
33.13,25.86,48.79,26.45
33.04,25.86,48.73,26.47
32.96,25.87,48.72,26.48
32.87,25.89,48.74,26.45
32.78,25.91,48.75,26.44
32.7,25.92,48.73,26.42
32.61,25.95,48.83,26.41
32.53,25.96,49.01,26.41
32.45,25.92,48.97,26.47
32.38,25.88,49.04,26.52
32.3,25.84,49.07,26.56
32.24,25.81,49.04,26.57
32.18,25.77,47.7,26.57
32.13,25.72,48.04,26.56
32.09,25.68,49.31,26.54
32.05,25.65,49.35,26.5
32.02,25.63,49.36,26.47
32.01,25.62,49.36,26.42
32,25.61,49.28,26.4
32,25.61,49.25,26.38
32.01,25.62,49.26,26.36
32.03,25.64,49.32,26.33
32.05,25.66,49.35,26.32
32.07,25.68,49.35,26.3
32.1,25.7,49.37,26.29
32.13,25.73,49.33,26.29
32.17,25.76,49.03,26.29
32.21,25.77,49.35,26.29
32.25,25.78,49.34,26.29
32.29,25.79,49.26,26.27
32.34,25.79,49.06,26.27
32.39,25.8,49.03,26.25
32.44,25.82,49.19,26.22
32.48,25.83,49.2,26.21
32.53,25.85,49.32,26.19
32.58,25.85,49.49,26.19
32.63,25.83,49.65,26.21
32.68,25.81,49.57,26.22
32.72,25.78,49.35,26.21
32.77,25.74,49.05,26.21
32.81,25.7,49.01,26.2
32.85,25.66,49.19,26.17
32.88,25.62,49.11,26.15
32.91,25.57,48.85,26.13
32.94,25.52,49.12,26.12
32.96,25.48,49.15,26.09
32.98,25.44,49.31,26.05
32.99,25.4,49.67,26.02
33,25.36,49.64,25.99
33,25.31,49.72,25.97
33.01,25.26,49.63,25.94
33.01,25.21,49.7,25.91
33.01,25.16,49.84,25.89
33.01,25.11,49.51,25.85
33.01,25.05,49.83,25.84
33.01,25,50.19,25.81
33.01,24.94,50.2,25.79
33.01,24.88,50.24,25.77
33,24.82,50.33,25.74
33,24.77,50.22,25.7
33,24.72,50.42,25.66
32.99,24.66,50.65,25.63
32.99,24.61,50.83,25.58
32.98,24.56,50.83,25.53
32.97,24.51,50.92,25.47
32.97,24.45,51.1,25.44
32.96,24.4,51.32,25.39
32.95,24.34,51.45,25.37
32.94,24.28,51.5,25.35
32.93,24.24,51.53,25.3
32.92,24.19,51.55,25.26
32.9,24.14,51.65,25.22
32.89,24.09,51.76,25.18
32.88,24.04,51.78,25.12
32.86,23.98,51.85,25.07
32.85,23.93,51.98,25.02
32.83,23.88,52.06,24.97
32.82,23.82,52.12,24.95
32.8,23.77,52.22,24.91
32.78,23.72,52.34,24.86
32.76,23.66,52.46,24.83
32.74,23.62,52.04,24.79
32.71,23.57,52.52,24.76
32.69,23.54,52.65,24.71
32.66,23.5,52.62,24.67
32.63,23.45,52.7,24.63
32.6,23.4,52.81,24.59
32.57,23.35,52.83,24.56
32.54,23.31,52.89,24.54
32.51,23.26,52.93,24.51
32.47,23.22,53,24.47
32.44,23.17,53.01,24.43
32.41,23.13,52.92,24.39
32.38,23.08,52.89,24.36
32.34,23.04,53,24.32
32.31,23,53.12,24.28
32.28,22.95,53.18,24.27
32.25,22.91,53.21,24.24
32.22,22.87,53.36,24.19
32.19,22.83,53.51,24.16
32.16,22.8,53.61,24.1
32.14,22.76,53.66,24.08
32.11,22.72,53.39,24.04
32.09,22.68,53.46,23.97
32.06,22.65,53.63,23.88
32.05,22.62,53.79,23.8
32.03,22.57,53.85,23.77
32.01,22.53,54.08,23.73
32,22.48,54.04,23.71
31.99,22.44,54.13,23.68
31.98,22.41,54.25,23.64
31.98,22.38,54.22,23.61
31.98,22.34,54.35,23.6
31.98,22.3,53.99,23.59
31.98,22.26,54.26,23.55
31.98,22.22,54.35,23.5
31.99,22.18,54.25,23.43
32,22.13,54.43,23.36
32.01,22.07,54.59,23.31
32.02,22.02,54.63,23.25
32.03,21.97,54.64,23.22
32.04,21.92,54.78,23.18
32.05,21.86,54.97,23.16
32.06,21.82,55,23.09
32.08,21.78,55.04,23.04
32.09,21.73,55.15,23.04
32.1,21.7,55.22,23.01
32.12,21.66,55.38,22.99
32.13,21.62,55.44,22.97
32.14,21.58,55.59,22.93
32.15,21.55,55.72,22.89
32.17,21.52,55.71,22.85
32.18,21.49,55.76,22.82
32.18,21.45,55.85,22.81
32.19,21.41,55.89,22.81
32.2,21.38,55.92,22.79
32.2,21.34,55.91,22.79
32.2,21.31,55.93,22.76
32.2,21.27,56.03,22.74
32.2,21.24,56.14,22.71
32.19,21.2,56.13,22.67
32.18,21.17,56.17,22.6
32.18,21.13,56.17,22.58
32.16,21.09,56.26,22.57
32.15,21.05,56.39,22.56
32.14,21.03,56.41,22.52
32.12,21,56.51,22.51
32.1,20.98,56.53,22.47
32.08,20.95,56.62,22.44
32.06,20.92,56.72,22.42
32.04,20.89,56.79,22.4
32.01,20.86,56.84,22.38
31.98,20.83,56.92,22.37
31.96,20.79,56.76,22.35
31.93,20.76,56.99,22.32
31.9,20.73,57.16,22.27
31.86,20.68,57.27,22.27
31.83,20.64,57.11,22.23
31.8,20.61,57.34,22.17
31.76,20.58,57.42,22.1
31.73,20.54,57.47,22.05
31.69,20.51,57.46,21.98
31.65,20.49,57.49,21.93
31.61,20.45,57.57,21.91
31.57,20.42,57.59,21.86
31.53,20.4,57.69,21.8
31.49,20.37,57.71,21.75
31.44,20.34,57.72,21.72
31.4,20.3,57.76,21.71
31.35,20.27,57.78,21.69
31.29,20.24,57.84,21.66
31.23,20.22,57.93,21.62
31.15,20.21,57.95,21.55
31.07,20.19,58.03,21.5
30.98,20.17,58.07,21.48
30.89,20.16,58.21,21.44
30.79,20.14,58.32,21.42
30.68,20.12,58.45,21.39
30.57,20.09,58.48,21.37
30.46,20.07,58.51,21.32
30.34,20.03,58.54,21.27
30.23,19.99,58.55,21.2
30.11,19.95,58.57,21.13
29.99,19.92,58.48,21.07
29.87,19.89,58.68,21.03
29.75,19.86,58.59,21.02
29.64,19.84,58.32,21
29.52,19.81,58.66,21
29.41,19.79,58.62,21
29.3,19.76,58.66,20.99
29.2,19.73,58.74,20.99
29.1,19.71,58.69,20.95
29.01,19.68,58.72,20.93
28.92,19.65,58.83,20.89
28.84,19.63,58.89,20.85
28.77,19.6,59.04,20.82
28.7,19.58,59.14,20.77
28.65,19.56,59.14,20.74
28.6,19.54,59.15,20.71
28.56,19.53,59.17,20.66
28.52,19.51,59.28,20.62
28.48,19.49,59.25,20.58
28.45,19.46,59.3,20.56
28.41,19.43,59.5,20.53
28.38,19.4,59.54,20.53
28.34,19.38,59.5,20.5
28.31,19.35,59.42,20.48
28.28,19.32,59.51,20.46
28.25,19.3,59.56,20.42
28.22,19.27,59.71,20.39
28.2,19.24,59.81,20.36
28.17,19.21,59.87,20.33
28.14,19.18,59.92,20.29
28.12,19.16,59.93,20.25
28.09,19.13,59.95,20.23
28.07,19.11,60.16,20.19
28.05,19.09,60.1,20.17
28.02,19.08,60.17,20.1
28,19.06,60.25,20.08
27.98,19.05,60.2,20.03
27.96,19.04,60.12,20.01
27.94,19.03,60.07,19.99
27.92,19.02,60.13,19.96
27.9,19,60.24,19.95
27.88,18.97,60.28,19.96
27.86,18.94,60.41,19.95
27.84,18.92,60.44,19.95
27.82,18.89,60.46,19.95
27.8,18.86,60.45,19.94
27.78,18.84,60.54,19.92
27.76,18.82,60.61,19.88
27.74,18.8,60.66,19.86
27.72,18.79,60.68,19.82
27.7,18.79,60.88,19.77
27.69,18.79,60.94,19.73
27.67,18.78,60.98,19.71
27.65,18.78,60.87,19.68
27.63,18.77,61.04,19.67
27.62,18.76,61.25,19.67
27.6,18.75,61.33,19.65
27.58,18.76,61.32,19.63
27.57,18.76,61.42,19.63
27.55,18.77,61.52,19.62
27.54,18.78,61.6,19.62
27.53,18.78,61.67,19.64
27.52,18.78,61.76,19.65
27.51,18.78,61.82,19.64
27.5,18.78,61.8,19.61
27.49,18.79,61.91,19.57
27.49,18.79,62.03,19.55
27.48,18.79,61.87,19.53
27.48,18.79,61.87,19.49
27.48,18.79,61.73,19.45
27.47,18.78,61.75,19.43
27.48,18.75,61.93,19.43
27.48,18.75,61.97,19.39
27.48,18.75,62.07,19.38
27.49,18.77,62.24,19.35
27.5,18.78,62.31,19.35
27.52,18.8,62.41,19.35
27.55,18.83,62.43,19.37
27.61,18.87,62.4,19.36
27.67,18.9,62.41,19.38
27.75,18.92,62.38,19.4
27.84,18.94,62.33,19.42
27.94,18.98,62.3,19.4
28.05,19,62.18,19.41
28.17,19.01,62.18,19.44
28.3,19.03,62.06,19.44
28.43,19.04,61.97,19.48
28.57,19.06,61.84,19.5
28.71,19.08,61.84,19.52
28.85,19.09,61.83,19.56
28.99,19.12,61.72,19.56
29.13,19.14,61.64,19.58
29.27,19.16,61.64,19.6
29.41,19.17,61.56,19.61
29.55,19.17,61.53,19.63
29.68,19.19,61.51,19.63
29.8,19.2,61.63,19.65
29.91,19.21,61.59,19.68
30.02,19.22,61.5,19.71
30.11,19.24,61.46,19.72
30.2,19.26,61.42,19.73
30.27,19.27,61.28,19.76
30.32,19.3,61.26,19.75
30.37,19.33,61.23,19.76
30.39,19.37,61.11,19.77
30.4,19.41,60.96,19.78
30.4,19.46,60.93,19.77
30.39,19.49,60.87,19.82
30.39,19.54,60.83,19.84
30.38,19.6,60.76,19.86
30.37,19.66,60.72,19.89
30.35,19.72,60.66,19.94
30.34,19.79,60.58,19.94
30.32,19.85,60.49,19.97
30.3,19.91,60.41,20
30.29,19.98,60.27,20
30.27,20.04,60.1,20.02
30.25,20.1,60.07,20.05
30.22,20.15,60.08,20.08
30.2,20.21,60.04,20.09
30.18,20.26,59.95,20.12
30.16,20.31,59.79,20.14
30.14,20.35,59.71,20.18
30.11,20.41,59.62,20.19
30.09,20.46,59.49,20.23
30.07,20.51,59.34,20.25
30.05,20.56,59.29,20.29
30.03,20.61,59.19,20.33
30.01,20.66,59.11,20.38
29.99,20.72,59,20.4
29.97,20.77,58.92,20.43
29.95,20.82,58.9,20.46
29.94,20.86,58.84,20.51
29.92,20.9,58.79,20.54
29.91,20.96,58.68,20.56
29.9,21,58.75,20.59
27.3,21.51,40.38,22.45
27.32,21.5,40.82,22.43
27.35,21.5,40.75,22.41
27.39,21.48,40.44,22.43
27.45,21.46,40.37,22.43
27.51,21.45,40.88,22.41
27.59,21.46,41.2,22.41
27.67,21.5,41.22,22.38
27.76,21.54,41.29,22.37
27.85,21.59,41.39,22.36
27.95,21.64,41.65,22.37
28.06,21.67,41.67,22.39
28.17,21.7,41.64,22.42
28.29,21.74,41.76,22.44
28.41,21.77,41.65,22.46
28.53,21.79,41.83,22.49
28.65,21.8,41.74,22.52
28.77,21.82,41.82,22.54
28.9,21.83,41.95,22.56
29.02,21.83,42,22.57
29.14,21.83,42.19,22.58
29.26,21.83,42.14,22.58
29.38,21.83,42.13,22.59
29.49,21.85,42.11,22.58
29.59,21.87,42.18,22.59
29.7,21.9,42.2,22.59
29.79,21.92,42.3,22.61
29.88,21.94,42.39,22.63
29.96,21.96,42.36,22.63
30.04,21.96,42.44,22.68
30.1,21.97,42.55,22.71
30.16,21.98,42.47,22.72
30.22,21.99,42.57,22.74
30.28,22.01,42.61,22.77
30.34,22.02,42.71,22.79
30.39,22.05,42.78,22.81
30.45,22.09,42.86,22.83
30.51,22.11,42.71,22.87
30.57,22.12,42.66,22.9
30.62,22.13,42.72,22.94
30.68,22.14,42.84,22.94
30.73,22.16,42.79,22.94
30.78,22.16,42.74,22.97
30.83,22.16,42.78,22.99
30.88,22.16,42.84,23.01
30.93,22.16,42.88,23.03
30.98,22.17,42.94,23.03
31.02,22.17,42.95,23.06
31.07,22.17,42.89,23.07
31.11,22.17,42.97,23.09
31.15,22.17,42.97,23.11
31.18,22.18,43.01,23.1
31.22,22.19,42.96,23.09
31.25,22.2,43.02,23.09
31.28,22.21,43.23,23.09
31.31,22.23,43.17,23.09
31.33,22.25,43.15,23.07
31.35,22.26,43.13,23.08
31.37,22.28,43.15,23.07
31.39,22.3,43.31,23.08
31.4,22.31,43.32,23.1
31.41,22.32,43.27,23.12
31.42,22.34,43.48,23.14
31.42,22.36,43.41,23.16
31.43,22.38,42.95,23.15
31.43,22.38,43.21,23.16
31.43,22.37,43.28,23.17
31.43,22.39,43.23,23.15
31.42,22.4,43.27,23.17
31.42,22.43,43.3,23.17
31.42,22.45,43.31,23.19
31.41,22.46,43.3,23.24
31.41,22.49,43.3,23.25
31.4,22.51,43.3,23.29
31.39,22.53,43.3,23.33
31.39,22.55,43.31,23.37
31.38,22.57,43.32,23.42
31.38,22.59,43.31,23.46
31.37,22.62,43.33,23.5
31.37,22.65,43.32,23.53
31.36,22.68,43.26,23.56
31.36,22.72,43.26,23.59
31.36,22.76,43.26,23.61
31.36,22.79,43.26,23.65
31.36,22.83,43.26,23.68
31.36,22.86,43.24,23.73
31.36,22.89,43.22,23.78
31.37,22.92,43.21,23.83
31.38,22.96,43.18,23.86
31.39,22.99,43.2,23.92
31.4,23.03,43.09,23.95
31.41,23.07,43.1,23.99
31.43,23.1,43.1,24.04
31.45,23.14,43.2,24.08
31.47,23.19,43.17,24.09
31.48,23.23,43.09,24.15
31.5,23.27,43.16,24.19
31.53,23.31,43.22,24.22
31.55,23.34,43.17,24.26
31.57,23.37,43.11,24.31
31.59,23.39,43.15,24.38
31.62,23.42,43.27,24.42
31.64,23.44,43.16,24.48
31.67,23.47,43.11,24.52
31.7,23.51,43.02,24.54
31.72,23.54,42.41,24.58
31.75,23.56,42.41,24.6
31.78,23.59,42.55,24.61
31.81,23.62,42.6,24.62
31.84,23.65,42.69,24.66
31.87,23.68,42.86,24.7
31.9,23.71,42.93,24.74
31.93,23.75,42.96,24.77
31.96,23.78,42.83,24.83
32,23.81,42.76,24.89
32.03,23.85,42.79,24.93
32.06,23.89,42.82,24.98
32.1,23.92,42.81,25.04
32.13,23.97,42.81,25.07
32.17,24.01,42.74,25.11
32.2,24.05,42.74,25.15
32.24,24.09,42.72,25.2
32.27,24.14,42.7,25.24
32.31,24.18,42.75,25.29
32.36,24.23,42.79,25.34
32.4,24.27,42.77,25.4
32.45,24.33,42.78,25.42
32.49,24.37,42.75,25.48
32.54,24.41,42.69,25.53
32.59,24.44,42.67,25.59
32.64,24.49,42.67,25.63
32.69,24.53,42.62,25.67
32.74,24.56,42.58,25.72
32.8,24.6,42.21,25.76
32.85,24.64,41.62,25.78
32.9,24.68,41.75,25.78
32.95,24.71,42.08,25.8
33.01,24.75,42.16,25.82
33.06,24.77,42.28,25.87
33.11,24.78,42.38,25.92
33.16,24.81,42.37,25.96
33.21,24.83,42.34,26.01
33.26,24.86,42.33,26.03
33.31,24.88,42.37,26.08
33.36,24.91,42.4,26.12
33.4,24.93,42.38,26.18
33.44,24.96,42.35,26.22
33.49,24.98,42.29,26.27
33.53,25.02,42.3,26.3
33.56,25.06,42.31,26.33
33.6,25.09,42.29,26.37
33.63,25.12,42.22,26.42
33.67,25.15,42.2,26.46
33.7,25.19,42.1,26.5
33.73,25.23,42.12,26.55
33.77,25.27,42.13,26.59
33.8,25.3,42.09,26.63
33.83,25.33,42.03,26.64
33.86,25.35,41.98,26.67
33.89,25.36,41.9,26.69
33.92,25.37,41.91,26.71
33.95,25.38,41.91,26.73
33.98,25.39,41.85,26.73
34.01,25.39,41.89,26.74
34.04,25.39,41.78,26.74
34.06,25.39,41.81,26.74
34.09,25.39,41.7,26.74
34.12,25.38,41.78,26.75
34.14,25.37,41.85,26.77
34.17,25.37,41.75,26.77
34.19,25.36,41.7,26.78
34.21,25.36,41.63,26.77
34.24,25.37,41.61,26.76
34.26,25.38,41.64,26.75
34.28,25.39,41.71,26.74
34.3,25.4,41.76,26.74
34.32,25.42,41.81,26.75
34.34,25.44,41.77,26.76
34.36,25.45,41.55,26.77
34.38,25.46,41.41,26.79
34.4,25.46,41.44,26.82
34.42,25.47,41.5,26.83
34.43,25.48,41.49,26.85
34.45,25.5,41.56,26.84
34.47,25.52,41.62,26.87
34.48,25.53,41.63,26.89
34.5,25.53,41.59,26.92
34.52,25.53,41.45,26.94
34.53,25.53,41.41,26.96
34.54,25.53,41.31,26.97
34.56,25.53,41.32,26.98
34.57,25.53,41.28,26.99
34.58,25.53,41.36,27
34.59,25.53,41.2,27.01
34.6,25.53,41.22,27.01
34.61,25.53,41.23,27.01
34.62,25.53,41.2,27
34.63,25.53,41.23,27
34.63,25.54,41.2,26.99
34.64,25.54,41.19,26.99
34.64,25.55,41.11,26.97
34.65,25.56,41.09,26.96
34.65,25.57,41.23,26.94
34.65,25.59,41.24,26.91
34.64,25.6,41.18,26.9
34.64,25.62,41.14,26.87
34.64,25.64,41.12,26.85
34.63,25.68,41.08,26.81
34.62,25.71,41.03,26.8
34.61,25.74,41.02,26.8
34.6,25.78,40.92,26.77
34.58,25.82,41.03,26.76
34.56,25.86,41.18,26.75
34.54,25.9,41.06,26.74
34.51,25.93,40.86,26.76
34.48,25.96,41.09,26.75
34.44,25.98,40.98,26.75
34.4,26,40.98,26.73
34.35,26,41.19,26.72
34.31,26,40.56,26.68
34.26,25.98,40.64,26.69
34.21,25.96,40.98,26.67
34.15,25.94,40.92,26.65
34.1,25.91,40.93,26.63
34.05,25.88,40.82,26.61
33.99,25.85,40.84,26.57
33.93,25.82,40.81,26.55
33.88,25.78,40.7,26.52
33.82,25.76,40.62,26.47
33.77,25.72,40.6,26.45
33.71,25.68,40.9,26.42
33.66,25.64,41.01,26.38
33.61,25.59,41.12,26.36
33.56,25.54,40.88,26.33
33.51,25.49,40.93,26.3
33.47,25.44,41.31,26.26
33.43,25.39,41.28,26.22
33.39,25.34,40.98,26.18
33.36,25.29,40.3,26.14
33.33,25.24,40.47,26.1
33.3,25.18,41.03,26.06
33.28,25.13,41.51,26
33.26,25.07,41.43,25.97
33.24,25.01,41.46,25.93
33.22,24.95,41.34,25.9
33.2,24.9,41.31,25.85
33.19,24.84,41.49,25.81
33.17,24.77,41.62,25.79
33.16,24.72,41.71,25.74
33.15,24.67,41.45,25.68
33.14,24.63,41.93,25.61
33.13,24.58,41.67,25.57
33.12,24.52,41.74,25.55
33.11,24.46,42.02,25.52
33.1,24.41,41.96,25.48
33.09,24.36,41.86,25.43
33.08,24.3,41.59,25.4
33.07,24.25,41.7,25.35
33.06,24.2,41.02,25.3
33.05,24.15,41.38,25.24
33.04,24.1,41.43,25.16
33.03,24.04,41.65,25.11
33.02,23.96,38.65,25.04
33.01,23.81,37.08,24.89
32.99,23.65,38.4,24.7
32.98,23.55,39.89,24.54
32.97,23.46,39.79,24.47
32.95,23.41,40.1,24.41
32.94,23.37,40.49,24.37
32.92,23.33,40.89,24.38
32.9,23.3,41.34,24.36
32.88,23.27,41.26,24.37
32.86,23.25,41.37,24.33
32.84,23.22,41.38,24.33
32.82,23.19,41.19,24.32
32.8,23.16,41.31,24.31
32.78,23.13,41.3,24.29
32.75,23.09,41.49,24.28
32.73,23.06,41.79,24.25
32.71,23.03,41.57,24.21
32.68,22.99,41.66,24.2
32.66,22.95,41.89,24.17
32.64,22.91,41.74,24.13
32.61,22.87,41.66,24.11
32.58,22.83,41.76,24.1
32.56,22.8,41.74,24.06
32.53,22.76,41.91,24.05
32.51,22.72,41.8,24.02
32.48,22.68,41.94,23.98
32.45,22.64,41.94,23.94
32.42,22.61,42.07,23.88
32.39,22.57,42.12,23.84
32.36,22.53,42.29,23.79
32.33,22.48,42.23,23.75
32.3,22.44,42.17,23.7
32.27,22.41,42.38,23.65
32.24,22.37,42.66,23.62
32.2,22.34,43.05,23.57
32.17,22.3,43.18,23.54
32.13,22.27,43.06,23.48
32.1,22.24,43.28,23.42
32.06,22.2,43.31,23.4
32.02,22.17,43.33,23.36
31.98,22.13,43.34,23.36
31.93,22.09,43.09,23.35
31.88,22.06,43.18,23.31
31.83,22.02,43.4,23.27
31.77,21.98,43.56,23.25
31.71,21.95,43.9,23.21
31.65,21.91,43.93,23.18
31.59,21.87,43.86,23.13
31.53,21.82,43.8,23.09
31.47,21.78,44,23.05
31.4,21.74,44.01,23.01
31.34,21.7,44.11,22.97
31.27,21.66,44.2,22.93
31.21,21.62,44.28,22.9
31.15,21.58,44.36,22.87
31.08,21.55,44.32,22.83
31.02,21.51,44.48,22.81
30.96,21.47,44.84,22.78
30.9,21.43,44.36,22.76
30.85,21.4,44.58,22.72
30.79,21.37,44.75,22.67
30.74,21.33,44.77,22.65
30.69,21.3,44.46,22.61
30.65,21.28,44.27,22.54
30.6,21.24,44.57,22.48
30.57,21.19,44.69,22.44
30.53,21.17,44.92,22.36
30.5,21.14,44.93,22.3
30.47,21.09,45.02,22.27
30.45,21.04,45.16,22.27
30.42,21.01,45.21,22.23
30.39,20.98,45.25,22.2
30.37,20.94,45.27,22.18
30.35,20.91,45.11,22.16
30.32,20.88,45.19,22.14
30.3,20.85,45.4,22.1
30.28,20.82,45.57,22.06
30.26,20.79,45.69,22.01
30.24,20.75,45.49,21.98
30.22,20.72,45.55,21.92
30.2,20.68,45.52,21.88
30.18,20.65,45.87,21.85
30.16,20.61,45.8,21.82
30.14,20.58,46.03,21.8
30.13,20.56,46.15,21.77
30.11,20.53,46.36,21.74
30.09,20.51,46.28,21.72
30.07,20.49,46.22,21.7
30.06,20.46,46.49,21.68
30.04,20.43,46.34,21.67
30.02,20.4,46.2,21.64
30,20.37,46.27,21.61
29.99,20.34,46.6,21.57
29.97,20.31,47,21.54
29.95,20.28,47.03,21.51
29.94,20.24,47.19,21.51
29.92,20.21,46.88,21.48
29.9,20.18,46.99,21.46
29.88,20.16,47.07,21.41
29.86,20.13,47.19,21.36
29.84,20.11,47.3,21.33
29.82,20.09,47.41,21.3
29.8,20.07,47.66,21.3
29.78,20.04,47.63,21.27
29.76,20.01,47.65,21.22
29.74,19.98,47.37,21.19
29.72,19.95,47.58,21.15
29.7,19.92,47.83,21.11
29.68,19.9,47.87,21.06
29.66,19.89,47.99,20.98
29.64,19.87,48,20.94
29.62,19.84,47.98,20.93
29.6,19.81,48.04,20.9
29.58,19.79,48.01,20.85
29.56,19.76,47.98,20.82
29.54,19.72,48.03,20.78
29.52,19.69,48.14,20.75
29.51,19.66,48.13,20.73
29.49,19.64,48.13,20.68
29.48,19.61,48.21,20.66
29.46,19.58,48.22,20.64
29.45,19.56,48.29,20.61
29.44,19.53,48.32,20.59
29.43,19.51,48.41,20.57
29.42,19.48,48.48,20.56
29.41,19.46,48.51,20.53
29.4,19.43,48.54,20.51
29.4,19.4,48.53,20.5
29.4,19.37,48.6,20.48
29.4,19.35,48.73,20.47
29.41,19.33,48.79,20.45
29.42,19.32,48.85,20.42
29.43,19.29,48.92,20.41
29.45,19.27,48.91,20.38
29.47,19.24,49.04,20.36
29.49,19.22,49.04,20.34
29.51,19.19,49.01,20.32
29.54,19.16,49.01,20.32
29.57,19.13,49.01,20.31
29.59,19.11,49.08,20.27
29.63,19.08,49.22,20.25
29.66,19.06,49.22,20.21
29.69,19.03,49.22,20.19
29.72,19.01,49.29,20.16
29.76,18.99,49.31,20.11
29.79,18.96,49.32,20.1
29.82,18.94,49.39,20.07
29.85,18.93,49.4,20.02
29.89,18.92,49.41,19.98
29.92,18.91,49.5,19.93
29.95,18.89,49.6,19.89
29.98,18.87,49.62,19.87
30,18.84,49.84,19.85
30.03,18.82,49.92,19.82
30.05,18.8,49.9,19.77
30.07,18.77,49.91,19.75
30.09,18.75,49.98,19.71
30.1,18.74,50.06,19.65
30.11,18.75,50.17,19.61
30.11,18.75,50.07,19.57
30.11,18.74,49.96,19.59
30.11,18.73,50.06,19.58
30.09,18.71,50.06,19.58
30.08,18.69,50.11,19.58
30.06,18.66,50.1,19.59
30.04,18.64,50.24,19.58
30.01,18.61,50.36,19.59
29.98,18.6,50.42,19.55
29.95,18.58,50.49,19.53
29.92,18.56,50.72,19.53
29.89,18.55,50.73,19.5
29.85,18.54,50.79,19.48
29.82,18.53,50.8,19.49
29.78,18.52,50.85,19.49
29.75,18.53,50.95,19.46
29.72,18.53,51.01,19.44
29.68,18.52,51.05,19.45
29.65,18.52,51.1,19.44
29.62,18.52,51.13,19.43
29.59,18.52,51.13,19.42
29.57,18.52,51.14,19.41
29.55,18.53,51.21,19.37
29.53,18.53,51.26,19.36
29.51,18.53,51.3,19.35
29.5,18.53,51.36,19.35
29.5,18.53,51.38,19.34
29.5,18.53,51.46,19.34
29.5,18.54,51.53,19.31
29.51,18.54,51.4,19.3
29.54,18.55,51.3,19.28
29.58,18.56,51.37,19.27
29.63,18.57,51.24,19.26
29.69,18.57,51.15,19.26
29.76,18.59,51.15,19.25
29.83,18.59,51.11,19.27
29.92,18.61,51.07,19.25
30.01,18.64,51.08,19.23
30.11,18.67,50.99,19.23
30.21,18.71,50.94,19.23
30.31,18.76,50.85,19.22
30.42,18.81,50.85,19.23
30.53,18.86,50.86,19.25
30.65,18.91,50.86,19.28
30.76,18.96,50.94,19.33
30.87,19.01,50.86,19.38
30.98,19.06,50.9,19.44
31.09,19.11,50.81,19.5
31.2,19.17,50.83,19.55
31.3,19.22,50.85,19.61
31.4,19.28,50.74,19.66
31.49,19.33,50.63,19.72
31.58,19.39,50.56,19.76
31.65,19.44,50.5,19.82
31.72,19.5,50.55,19.88
31.78,19.55,50.52,19.95
31.83,19.6,50.52,20.01
31.87,19.65,50.43,20.08
31.9,19.7,50.51,20.15
34,22.56,36.25,23.2
33.98,22.55,36.45,23.22
33.96,22.54,36.69,23.25
33.93,22.55,36.98,23.25
33.9,22.55,36.86,23.26
33.87,22.55,37.01,23.27
33.84,22.54,37.03,23.3
33.8,22.52,36.71,23.33
33.76,22.49,36.71,23.36
33.72,22.48,36.88,23.37
33.68,22.47,37.09,23.37
33.64,22.47,37.13,23.37
33.6,22.47,36.81,23.36
33.56,22.48,36.85,23.34
33.52,22.49,36.9,23.32
33.48,22.49,37.04,23.32
33.44,22.49,37.16,23.31
33.4,22.49,37.17,23.28
33.36,22.48,37.11,23.24
33.33,22.46,37.33,23.22
33.29,22.44,37.32,23.2
33.26,22.43,37.34,23.18
33.23,22.4,37.33,23.17
33.2,22.39,37.23,23.15
33.18,22.38,37.22,23.14
33.15,22.37,37.41,23.12
33.14,22.35,37.31,23.13
33.12,22.34,37.39,23.14
33.11,22.34,37.56,23.15
33.1,22.34,37.62,23.14
33.1,22.34,37.51,23.13
33.1,22.34,37.51,23.11
33.11,22.33,37.48,23.12
33.13,22.32,37.55,23.12
33.15,22.31,37.56,23.13
33.18,22.3,37.55,23.12
33.21,22.29,37.58,23.13
33.25,22.28,37.64,23.12
33.29,22.29,37.78,23.07
33.34,22.28,38.06,23.05
33.38,22.27,38.12,23
33.43,22.25,37.81,22.98
33.49,22.25,37.83,22.92
33.54,22.24,37.78,22.88
33.59,22.22,37.84,22.85
33.65,22.21,37.82,22.83
33.7,22.2,37.82,22.81
33.76,22.2,37.97,22.8
33.81,22.23,38.05,22.76
33.86,22.26,38.18,22.73
33.91,22.29,38.03,22.7
33.96,22.33,37.89,22.65
34.01,22.37,37.8,22.61
34.05,22.41,37.76,22.6
34.08,22.45,37.69,22.58
34.12,22.49,37.65,22.58
34.15,22.53,37.54,22.59
34.17,22.56,37.51,22.63
34.19,22.6,37.48,22.65
34.2,22.64,37.49,22.68
34.2,22.7,37.48,22.7
34.2,22.76,37.46,22.71
34.2,22.8,37.47,22.77
34.2,22.84,37.47,22.85
34.19,22.89,37.51,22.92
34.19,22.93,37.35,23.02
34.19,22.98,37.25,23.08
34.18,23.03,37.24,23.12
34.18,23.07,37.26,23.17
34.17,23.11,37.3,23.21
34.17,23.14,37.19,23.27
34.16,23.17,36.97,23.31
34.16,23.2,36.9,23.35
34.15,23.24,36.84,23.37
34.15,23.28,36.73,23.39
34.14,23.3,36.65,23.43
34.14,23.32,36.6,23.49
34.13,23.35,36.48,23.52
34.13,23.38,36.43,23.56
34.12,23.41,36.41,23.61
34.12,23.46,36.66,23.64
34.11,23.54,36.73,23.67
34.11,23.62,36.86,23.7
34.1,23.69,36.74,23.75
34.1,23.77,36.69,23.8
34.1,23.85,36.77,23.84
34.1,23.9,36.68,23.91
34.1,23.97,36.46,23.94
34.1,24,36.34,24
34.1,24.02,36.31,24.07
34.1,24.03,36.23,24.14
34.1,24.05,36.18,24.19
34.11,24.08,36.21,24.23
34.11,24.09,36.25,24.3
34.11,24.12,36.25,24.35
34.12,24.16,36.17,24.38
34.12,24.21,36.02,24.38
34.12,24.26,35.96,24.39
34.13,24.29,35.89,24.41
34.13,24.31,35.85,24.46
34.14,24.34,35.72,24.48
34.14,24.37,35.66,24.52
34.15,24.4,35.57,24.55
34.15,24.44,35.56,24.56
34.15,24.48,35.47,24.59
34.16,24.5,35.38,24.65
34.16,24.52,35.32,24.69
34.17,24.55,35.46,24.73
34.17,24.59,35.33,24.77
34.18,24.62,35.2,24.83
34.18,24.66,35.12,24.87
34.18,24.7,35.44,24.92
34.19,24.74,35.51,24.98
34.19,24.79,35.71,25.03
34.19,24.82,35.31,25.09
34.2,24.86,35.05,25.12
34.2,24.91,34.96,25.12
34.2,24.96,34.95,25.13
34.2,24.99,34.91,25.17
34.2,25.03,34.83,25.19
34.2,25.08,34.9,25.22
34.2,25.14,34.94,25.24
34.2,25.19,34.94,25.27
34.2,25.23,34.75,25.31
34.19,25.28,34.73,25.34
34.19,25.32,34.76,25.39
34.18,25.38,34.84,25.45
34.18,25.44,34.72,25.51
34.17,25.5,34.77,25.56
34.17,25.56,34.88,25.62
34.16,25.6,34.94,25.68
34.15,25.63,34.92,25.73
34.15,25.66,34.84,25.78
34.14,25.69,34.87,25.83
34.13,25.71,35.12,25.89
34.12,25.75,34.71,25.88
34.11,25.78,34.44,25.89
34.1,25.81,34.33,25.88
34.1,25.82,34.26,25.87
34.09,25.82,34.22,25.87
34.08,25.82,34.25,25.87
34.07,25.83,34.2,25.83
34.06,25.82,34.18,25.82
34.05,25.81,34.1,25.79
34.04,25.81,34.15,25.77
34.04,25.8,34.18,25.76
34.03,25.77,34.08,25.76
34.02,25.77,33.99,25.73
34.01,25.77,33.99,25.72
34.01,25.76,33.9,25.72
34,25.75,33.83,25.74
33.99,25.77,33.87,25.71
33.99,25.77,33.85,25.74
33.99,25.77,33.85,25.77
33.99,25.78,33.98,25.8
33.99,25.8,33.99,25.82
33.99,25.82,33.91,25.85
33.99,25.81,33.97,25.9
34,25.76,34.13,26.01
34,25.69,34.15,26.1
34.01,25.61,34.34,26.16
34.01,25.54,34.32,26.19
34.02,25.48,33.83,26.19
34.03,25.43,34.14,26.18
34.04,25.38,34.33,26.16
34.04,25.31,34.42,26.16
34.05,25.25,34.42,26.14
34.06,25.18,34.65,26.14
34.06,25.12,34.67,26.11
34.07,25.06,34.58,26.08
34.08,24.99,34.54,26.08
34.08,24.94,34.44,26.03
34.09,24.89,34.45,25.99
34.1,24.83,34.56,25.96
34.1,24.78,34.53,25.91
34.1,24.73,34.32,25.88
34.1,24.67,34.2,25.85
34.11,24.62,34.19,25.79
34.1,24.57,34.16,25.74
34.1,24.53,34.17,25.69
34.1,24.49,34.15,25.63
34.09,24.44,34.14,25.59
34.06,24.39,34.14,25.54
34.01,24.34,34.24,25.49
33.96,24.29,34.17,25.45
33.88,24.24,34.18,25.42
33.8,24.2,34.2,25.37
33.71,24.16,34.42,25.32
33.6,24.11,34.42,25.28
33.49,24.06,34.42,25.23
33.37,24.01,34.46,25.17
33.25,23.95,34.49,25.14
33.11,23.9,33.81,25.08
32.98,23.84,33.87,25.03
32.84,23.78,34.24,24.98
32.7,23.72,34.49,24.92
32.56,23.66,34.55,24.84
32.43,23.6,34.58,24.79
32.29,23.54,34.62,24.73
32.15,23.48,34.67,24.67
32.02,23.41,34.75,24.62
31.9,23.35,34.75,24.56
31.78,23.3,34.7,24.49
31.67,23.24,34.46,24.42
31.57,23.19,34.48,24.34
31.48,23.14,34.51,24.26
31.39,23.08,34.48,24.19
31.32,23.02,34.5,24.13
31.27,22.96,34.6,24.07
31.23,22.89,34.62,24.01
31.2,22.83,34.62,23.93
31.18,22.77,34.71,23.87
31.17,22.7,34.76,23.81
31.15,22.64,34.37,23.74
31.14,22.58,34.25,23.68
31.13,22.53,34.71,23.61
31.12,22.49,34.84,23.55
31.12,22.45,34.71,23.52
31.11,22.4,34.68,23.5
31.11,22.36,34.92,23.47
31.11,22.31,34.98,23.46
31.11,22.27,35.02,23.43
31.11,22.24,35.3,23.39
31.12,22.19,34.95,23.38
31.12,22.16,35,23.33
31.13,22.11,34.89,23.31
31.14,22.08,35.12,23.25
31.15,22.04,35.73,23.22
31.16,22,35.43,23.17
31.17,21.96,35.26,23.12
31.18,21.92,35.35,23.08
31.2,21.88,35.61,23.02
31.22,21.83,35.69,22.98
31.24,21.78,35.75,22.94
31.26,21.75,35.84,22.87
31.28,21.72,35.71,22.82
31.3,21.68,35.6,22.77
31.32,21.64,35.57,22.72
31.35,21.59,35.48,22.69
31.37,21.55,35.81,22.66
31.4,21.52,36.23,22.62
31.43,21.48,36.29,22.58
31.46,21.44,36.52,22.54
31.49,21.4,36.51,22.5
31.52,21.35,36.4,22.46
31.55,21.31,36.41,22.43
31.58,21.27,36.35,22.4
31.62,21.22,36.29,22.37
31.65,21.17,36.2,22.33
31.68,21.12,36.32,22.28
31.72,21.06,36.37,22.24
31.75,21.01,36.39,22.2
31.79,20.96,36.48,22.16
31.82,20.92,36.28,22.11
31.86,20.87,36.28,22.07
31.9,20.83,36.33,22
31.93,20.78,36.4,21.96
31.97,20.74,36.43,21.9
32,20.7,36.55,21.84
32.04,20.67,36.62,21.78
32.08,20.63,36.61,21.74
32.11,20.59,36.56,21.71
32.14,20.55,36.57,21.68
32.18,20.52,36.57,21.64
32.21,20.49,36.53,21.59
32.25,20.46,36.67,21.54
32.28,20.42,36.77,21.51
32.31,20.38,36.81,21.47
32.34,20.34,36.86,21.44
32.37,20.31,37.17,21.41
32.4,20.28,36.98,21.39
32.43,20.24,37.02,21.39
32.45,20.21,37.09,21.37
32.48,20.18,37.21,21.34
32.5,20.15,37.27,21.33
32.52,20.12,37.27,21.3
32.54,20.09,37.24,21.28
32.56,20.06,37.35,21.24
32.58,20.03,37.4,21.18
32.59,20.02,37.38,21.11
32.61,19.99,37.4,21.07
32.63,19.96,37.66,21.03
32.64,19.93,37.8,20.99
32.66,19.9,37.77,20.96
32.67,19.87,37.76,20.93
32.69,19.83,37.7,20.92
32.7,19.8,37.82,20.88
32.72,19.75,37.88,20.87
32.73,19.71,37.92,20.85
32.75,19.67,37.87,20.82
32.76,19.63,37.93,20.79
32.78,19.59,37.95,20.75
32.8,19.55,38.04,20.73
32.82,19.51,38.16,20.71
32.84,19.48,38.11,20.66
32.86,19.44,38.2,20.63
32.89,19.41,38.16,20.58
32.91,19.37,38.19,20.56
32.94,19.34,38.18,20.52
32.97,19.3,38.13,20.5
33,19.27,38.11,20.47
33.04,19.25,38.26,20.43
33.08,19.22,38.3,20.4
33.12,19.19,38.3,20.37
33.18,19.16,38.15,20.34
33.23,19.13,38.2,20.32
33.3,19.11,38.35,20.28
33.36,19.09,38.38,20.25
33.43,19.07,38.45,20.22
33.5,19.03,38.5,20.21
33.58,19,38.57,20.18
33.65,18.97,38.58,20.13
33.73,18.93,38.65,20.11
33.81,18.9,38.63,20.08
33.89,18.87,38.58,20.05
33.97,18.84,38.67,20.01
34.05,18.81,38.74,19.99
34.13,18.79,38.72,19.94
34.21,18.76,38.74,19.92
34.28,18.73,38.72,19.88
34.36,18.7,38.75,19.86
34.43,18.67,38.76,19.83
34.5,18.64,38.78,19.8
34.56,18.61,38.95,19.77
34.63,18.59,38.91,19.73
34.69,18.56,38.84,19.7
34.74,18.54,38.91,19.67
34.79,18.51,39.11,19.64
34.83,18.49,39.07,19.61
34.87,18.46,39.1,19.59
34.9,18.44,39.23,19.55
34.93,18.42,39.22,19.52
34.95,18.4,39.21,19.49
34.97,18.38,39.33,19.46
34.99,18.37,39.47,19.44
35.01,18.36,39.5,19.41
35.02,18.35,39.45,19.38
35.03,18.35,39.44,19.35
35.04,18.34,39.39,19.34
35.05,18.33,39.47,19.33
35.05,18.33,39.5,19.31
35.06,18.32,39.47,19.32
35.06,18.32,39.52,19.3
35.05,18.3,39.62,19.32
35.05,18.29,39.64,19.31
35.04,18.29,39.66,19.3
35.04,18.28,39.7,19.28
35.02,18.28,39.71,19.27
35.01,18.28,39.88,19.26
35,18.28,39.88,19.25
34.98,18.28,39.86,19.24
34.96,18.27,39.89,19.24
34.94,18.27,39.89,19.21
34.92,18.27,39.99,19.19
34.89,18.31,40.08,19.11
34.86,18.36,40.09,19.05
34.83,18.4,40.1,19.03
34.8,18.45,40.07,19
34.77,18.49,40.07,18.96
34.74,18.54,40.02,18.93
34.7,18.57,39.86,18.93
34.66,18.6,39.94,18.91
34.62,18.63,39.99,18.91
34.58,18.66,40.01,18.9
34.53,18.69,40.01,18.89
34.48,18.71,39.92,18.89
34.43,18.74,39.9,18.89
34.38,18.77,40.05,18.87
34.32,18.79,39.99,18.88
34.27,18.81,39.96,18.89
34.21,18.83,40.16,18.9
34.15,18.84,40.19,18.93
34.09,18.87,40.07,18.94
34.03,18.9,39.61,18.94
33.97,18.94,39.44,18.92
33.91,18.97,39.56,18.91
33.85,19.02,39.64,18.89
33.78,19.07,39.63,18.9
33.72,19.12,39.68,18.9
33.66,19.16,39.76,18.95
33.59,19.22,39.56,18.96
33.53,19.29,39.58,18.98
33.47,19.34,39.45,19.03
33.41,19.4,39.46,19.06
33.35,19.45,39.43,19.11
33.28,19.51,39.36,19.14
33.23,19.58,39.33,19.18
33.17,19.65,39.43,19.22
33.11,19.72,39.47,19.27
33.05,19.77,39.45,19.35
33,19.82,39.4,19.41
32.95,19.89,39.49,19.44
32.89,19.95,39.43,19.49
32.83,20,39.39,19.56
32.77,20.06,39.47,19.59
32.71,20.1,39.46,19.65
32.65,20.14,39.38,19.71
32.59,20.17,39.35,19.79
32.53,20.22,39.29,19.83
32.47,20.27,39.29,19.87
32.41,20.33,39.28,19.87
32.35,20.37,39.23,19.92
32.29,20.41,39.21,19.96
32.23,20.43,39.13,20.04
32.17,20.46,39.1,20.09
32.12,20.48,39.15,20.14
32.06,20.53,39.15,20.17
32.01,20.59,39.22,20.17
31.96,20.64,39.38,20.2
31.91,20.69,39.57,20.23
31.86,20.73,39.64,20.28
31.82,20.78,39.56,20.31
31.78,20.86,39.49,20.33
31.74,20.92,39.43,20.39
31.71,20.97,39.37,20.47
31.68,20.99,39.11,20.57
31.66,21.03,38.84,20.63
31.63,21.07,38.75,20.67
31.62,21.13,38.71,20.7
31.61,21.17,38.53,20.77
31.6,21.24,38.55,20.81
31.6,21.3,38.53,20.86
31.62,21.34,38.57,20.95
31.66,21.39,38.52,21.03
31.71,21.42,38.62,21.14
31.76,21.47,38.48,21.21
31.84,21.53,38.36,21.26
31.92,21.59,38.41,21.32
32.01,21.65,38.23,21.37
32.11,21.71,37.98,21.4
32.21,21.78,37.97,21.43
32.32,21.83,37.88,21.5
32.44,21.88,37.81,21.56
32.56,21.94,37.92,21.61
32.68,22.02,37.85,21.64
32.81,22.08,37.68,21.68
32.94,22.11,37.64,21.74
33.06,22.12,37.47,21.79
33.19,22.13,37.45,21.8
33.31,22.13,37.31,21.82
33.43,22.15,37.26,21.79
33.54,22.16,37.29,21.78
33.65,22.16,37.43,21.77
33.75,22.16,37.54,21.75
33.85,22.17,37.47,21.72
33.93,22.17,37.51,21.7
34.01,22.16,37.61,21.67
34.08,22.12,37.77,21.68
34.13,22.12,37.88,21.64
34.17,22.12,37.77,21.59
34.2,22.14,37.69,21.51
32.1,21.55,22.51,22.07
32.13,21.57,22.44,22.1
32.15,21.63,22.51,22.07
32.18,21.7,22.45,22.05
32.21,21.75,22.66,22.05
32.24,21.8,22.74,22.05
32.28,21.84,22.85,22.07
32.31,21.87,22.9,22.09
32.34,21.91,22.94,22.1
32.38,21.93,23.01,22.13
32.42,21.96,23.16,22.13
32.45,21.97,23.1,22.14
32.49,21.99,23.23,22.14
32.53,22.02,23.27,22.11
32.57,22.02,23.38,22.14
32.61,22,23.43,22.18
32.64,21.98,23.5,22.22
32.68,21.97,23.53,22.23
32.72,21.95,23.57,22.27
32.76,21.96,23.58,22.26
32.79,21.98,23.65,22.25
32.83,22.03,23.78,22.22
32.86,22.08,23.84,22.2
32.9,22.13,23.98,22.18
32.93,22.2,23.98,22.14
32.96,22.26,23.98,22.13
32.99,22.32,23.94,22.12
33.02,22.36,23.95,22.14
33.05,22.4,23.98,22.15
33.08,22.44,24.16,22.18
33.1,22.47,24.15,22.24
33.12,22.49,24.2,22.31
33.14,22.51,24.23,22.36
33.16,22.53,24.2,22.42
33.18,22.55,24.15,22.48
33.19,22.59,24.2,22.51
33.21,22.62,24.58,22.56
33.22,22.63,24.66,22.68
33.23,22.65,24.44,22.76
33.24,22.67,24.51,22.82
33.25,22.67,24.59,22.88
33.26,22.67,24.62,22.94
33.27,22.67,24.65,22.97
33.28,22.68,24.71,23.02
33.29,22.71,24.78,23.03
33.3,22.73,24.72,23.06
33.31,22.75,24.71,23.08
33.31,22.74,24.71,23.13
33.32,22.75,24.72,23.13
33.33,22.75,24.7,23.16
33.34,22.76,24.74,23.16
33.35,22.78,24.68,23.18
33.36,22.8,24.63,23.21
33.38,22.82,24.7,23.2
33.39,22.84,24.8,23.21
33.4,22.86,24.78,23.22
33.42,22.88,24.8,23.23
33.44,22.89,24.81,23.24
33.46,22.91,25,23.28
33.48,22.94,24.93,23.3
33.5,22.97,24.95,23.36
33.53,23,25.08,23.41
33.55,23.03,25.17,23.47
33.58,23.08,25.11,23.47
33.62,23.12,25.09,23.49
33.65,23.15,25.11,23.53
33.69,23.18,25.07,23.55
33.72,23.19,25.08,23.59
33.76,23.21,25.03,23.62
33.8,23.24,25.03,23.64
33.85,23.27,25.02,23.67
33.89,23.3,24.99,23.68
33.93,23.32,24.97,23.72
33.97,23.35,24.95,23.72
34.02,23.37,24.97,23.76
34.06,23.4,24.95,23.77
34.11,23.43,24.98,23.79
34.15,23.44,25.02,23.82
34.19,23.47,24.95,23.81
34.23,23.5,24.95,23.8
34.28,23.53,24.95,23.82
34.32,23.56,24.95,23.86
34.36,23.6,24.98,23.89
34.39,23.62,24.95,23.94
34.43,23.65,25.02,23.98
34.46,23.68,25.01,24.02
34.5,23.71,24.93,24.04
34.53,23.74,24.95,24.04
34.55,23.77,24.97,24.06
34.58,23.81,24.96,24.08
34.6,23.84,24.89,24.13
34.62,23.86,24.87,24.15
34.64,23.89,24.87,24.17
34.66,23.92,24.88,24.2
34.67,23.96,25.18,24.22
34.69,24,24.99,24.24
34.71,24.04,25.01,24.25
34.72,24.08,24.87,24.28
34.73,24.12,24.97,24.3
34.74,24.15,24.94,24.36
34.75,24.17,24.88,24.36
34.76,24.17,24.82,24.38
34.77,24.2,24.71,24.36
34.78,24.24,24.72,24.36
34.78,24.27,24.76,24.4
34.79,24.3,24.78,24.44
34.79,24.33,24.7,24.47
34.79,24.36,24.72,24.51
34.8,24.4,24.63,24.51
34.8,24.44,24.62,24.52
34.79,24.48,24.63,24.53
34.79,24.53,24.61,24.53
34.79,24.56,24.59,24.57
34.78,24.59,24.53,24.6
34.77,24.61,24.45,24.64
34.76,24.64,24.43,24.67
34.75,24.67,24.42,24.67
34.74,24.7,24.42,24.7
34.73,24.73,24.47,24.72
34.72,24.75,24.44,24.76
34.7,24.78,24.43,24.78
34.68,24.82,24.38,24.78
34.66,24.85,24.39,24.8
34.64,24.92,24.57,24.8
34.61,24.97,24.56,24.84
34.58,25.01,24.56,24.88
34.55,25.02,24.56,24.94
34.52,25.03,24.57,24.97
34.48,25.02,24.65,25.05
34.45,25.01,24.57,25.12
34.41,25.02,24.56,25.16
34.37,25.04,24.43,25.18
34.33,25.05,24.5,25.23
34.29,25.08,24.48,25.24
34.25,25.13,24.42,25.24
34.21,25.17,24.41,25.23
34.17,25.2,24.38,25.25
34.13,25.24,24.39,25.26
34.09,25.26,24.42,25.29
34.05,25.29,24.41,25.33
34.01,25.32,24.42,25.36
33.97,25.36,24.44,25.38
33.93,25.39,24.47,25.42
33.9,25.43,24.36,25.43
33.86,25.45,24.3,25.47
33.83,25.47,24.29,25.5
33.8,25.48,24.3,25.54
33.77,25.5,24.29,25.58
33.74,25.55,24.19,25.56
33.72,25.58,24.13,25.57
33.7,25.62,24.14,25.58
33.68,25.64,24.17,25.62
33.66,25.67,24.15,25.64
33.64,25.69,24.17,25.67
33.63,25.72,24.22,25.69
33.61,25.74,24.26,25.74
33.59,25.78,24.42,25.76
33.57,25.82,24.52,25.77
33.56,25.83,24.44,25.8
33.54,25.83,24.35,25.81
33.53,25.82,24.25,25.8
33.51,25.82,24.25,25.79
33.5,25.82,24.25,25.77
33.49,25.81,24.26,25.77
33.48,25.81,24.22,25.76
33.46,25.82,24.14,25.74
33.45,25.82,24.06,25.75
33.44,25.84,24.06,25.73
33.43,25.86,24.07,25.73
33.43,25.88,24.06,25.75
33.42,25.91,24.02,25.74
33.41,25.93,23.89,25.74
33.41,25.98,23.87,25.72
33.4,26.02,23.87,25.69
33.4,26.05,23.87,25.7
33.4,26.07,23.83,25.71
33.4,26.09,23.85,25.7
33.39,26.1,23.75,25.72
33.4,26.11,23.72,25.74
33.4,26.14,23.68,25.73
33.4,26.16,23.69,25.72
33.41,26.18,23.68,25.73
33.41,26.2,23.68,25.74
33.42,26.23,23.72,25.75
33.44,26.25,23.99,25.8
33.45,26.28,24.01,25.85
33.47,26.29,23.93,25.88
33.49,26.29,23.96,25.93
33.51,26.29,23.81,25.96
33.54,26.29,23.79,25.98
33.56,26.31,23.77,25.96
33.59,26.32,23.82,25.95
33.61,26.27,23.98,26.04
33.64,26.17,23.98,26.19
33.67,26.07,23.99,26.33
33.7,25.97,23.98,26.45
33.72,25.88,23.98,26.53
33.75,25.81,23.99,26.59
33.78,25.75,24,26.61
33.8,25.7,24.14,26.62
33.83,25.66,24.32,26.61
33.86,25.64,24.31,26.6
33.88,25.63,24.23,26.57
33.9,25.62,24.18,26.54
33.92,25.61,24.25,26.54
33.94,25.6,24.26,26.54
33.96,25.6,24.34,26.52
33.97,25.61,24.31,26.49
33.98,25.63,24.3,26.46
33.99,25.64,24.29,26.44
34,25.66,24.3,26.42
34,25.67,24.29,26.42
34,25.69,24.28,26.4
34,25.71,24.29,26.38
33.99,25.73,24.28,26.36
33.98,25.75,24.28,26.34
33.97,25.76,24.26,26.34
33.95,25.75,24.25,26.34
33.93,25.75,24.28,26.33
33.91,25.74,24.48,26.33
33.88,25.73,24.54,26.32
33.86,25.71,24.41,26.3
33.83,25.68,24.28,26.3
33.8,25.65,24.27,26.28
33.76,25.61,24.28,26.27
33.73,25.56,24.27,26.26
33.69,25.51,24.28,26.25
33.65,25.48,24.27,26.19
33.61,25.43,24.28,26.17
33.57,25.38,24.28,26.14
33.53,25.32,24.27,26.13
33.49,25.26,24.27,26.1
33.45,25.2,24.26,26.07
33.4,25.15,24.26,26.04
33.36,25.1,24.26,25.99
33.32,25.05,24.26,25.94
33.27,24.99,24.25,25.91
33.23,24.94,24.39,25.86
33.19,24.88,24.36,25.82
33.14,24.82,24.36,25.78
33.1,24.75,24.26,25.75
33.05,24.69,24.23,25.71
33,24.63,24.42,25.66
32.95,24.58,24.54,25.6
32.89,24.53,24.79,25.55
32.83,24.48,24.62,25.49
32.76,24.42,24.51,25.44
32.69,24.35,24.67,25.4
32.61,24.29,24.74,25.33
32.54,24.22,24.69,25.29
32.46,24.15,24.87,25.25
32.38,24.09,24.81,25.18
32.3,24.02,24.77,25.14
32.22,23.96,24.77,25.08
32.14,23.89,24.79,25.04
32.06,23.83,24.85,24.99
31.98,23.78,24.8,24.92
31.91,23.72,24.81,24.85
31.83,23.67,24.92,24.78
31.76,23.61,24.84,24.73
31.68,23.55,24.98,24.69
31.62,23.49,24.92,24.65
31.55,23.42,24.91,24.61
31.49,23.37,24.95,24.55
31.43,23.31,24.98,24.51
31.38,23.26,24.95,24.44
31.33,23.2,25.03,24.39
31.29,23.15,25.03,24.34
31.25,23.1,24.88,24.29
31.22,23.05,24.9,24.24
31.2,23,24.99,24.2
31.18,22.95,24.93,24.15
31.16,22.91,25.07,24.09
31.14,22.86,25.18,24.05
31.13,22.81,25.21,24.01
31.11,22.77,25.21,23.96
31.09,22.73,25.31,23.92
31.08,22.68,25.42,23.88
31.07,22.64,25.48,23.83
31.05,22.59,25.64,23.79
31.04,22.53,25.62,23.74
31.03,22.49,25.59,23.68
31.02,22.44,25.69,23.63
31.01,22.39,25.74,23.58
31,22.34,25.64,23.53
30.99,22.29,25.69,23.48
30.98,22.24,25.67,23.44
30.98,22.2,25.72,23.38
30.97,22.15,25.78,23.33
30.97,22.11,25.86,23.28
30.96,22.06,25.93,23.24
30.96,22.02,25.99,23.19
30.96,21.98,26.11,23.15
30.96,21.93,26.09,23.12
30.96,21.88,26.06,23.07
30.97,21.83,26.11,23.03
30.97,21.79,26.18,22.98
30.98,21.75,26.18,22.94
30.98,21.71,26.19,22.88
30.99,21.67,26.2,22.84
31,21.62,26.33,22.81
31.01,21.58,26.37,22.77
31.02,21.54,26.36,22.74
31.03,21.5,26.32,22.71
31.04,21.47,26.36,22.68
31.06,21.44,26.66,22.66
31.07,21.4,26.94,22.63
31.08,21.36,27.14,22.6
31.1,21.32,27.35,22.57
31.11,21.28,27.21,22.55
31.12,21.25,27.16,22.5
31.14,21.22,27.25,22.47
31.15,21.2,27.48,22.44
31.17,21.17,27.58,22.39
31.18,21.15,27.39,22.33
31.19,21.12,27.6,22.26
31.21,21.08,27.67,22.2
31.22,21.03,27.58,22.14
31.24,20.97,27.65,22.08
31.25,20.91,27.59,22.03
31.27,20.84,27.48,21.99
31.28,20.78,27.37,21.94
31.29,20.72,27.3,21.89
31.31,20.67,27.46,21.84
31.32,20.64,27.86,21.77
31.34,20.6,27.88,21.72
31.35,20.56,27.68,21.7
31.36,20.54,27.77,21.66
31.38,20.52,27.85,21.61
31.39,20.5,28.05,21.58
31.4,20.48,28.3,21.55
31.41,20.46,28.54,21.53
31.42,20.42,28.69,21.54
31.44,20.39,28.75,21.53
31.45,20.35,28.81,21.52
31.46,20.31,28.92,21.5
31.47,20.28,28.83,21.47
31.48,20.24,28.83,21.44
31.49,20.21,28.82,21.41
31.51,20.18,28.83,21.38
31.52,20.15,28.87,21.37
31.53,20.12,28.9,21.36
31.54,20.09,28.92,21.35
31.55,20.07,29,21.33
31.56,20.04,28.89,21.3
31.56,20.01,28.97,21.28
31.57,19.97,28.83,21.25
31.58,19.94,28.9,21.2
31.59,19.91,28.95,21.16
31.59,19.89,28.97,21.1
31.6,19.86,28.99,21.04
31.6,19.83,28.99,21
31.61,19.8,28.98,20.96
31.61,19.77,28.99,20.92
31.61,19.74,29.06,20.87
31.61,19.72,29.07,20.81
31.61,19.69,28.99,20.77
31.61,19.66,29.18,20.71
31.61,19.63,29.18,20.65
31.6,19.59,29.01,20.6
31.6,19.55,28.71,20.56
31.59,19.52,28.77,20.5
31.58,19.49,28.75,20.46
31.55,19.46,28.82,20.44
31.52,19.44,28.84,20.41
31.49,19.42,28.99,20.39
31.45,19.4,28.96,20.37
31.41,19.38,29.03,20.34
31.36,19.35,29.05,20.35
31.3,19.33,29.13,20.33
31.25,19.3,29.08,20.32
31.19,19.27,29.04,20.29
31.12,19.24,29.4,20.27
31.06,19.21,29.32,20.24
30.99,19.17,29.22,20.22
30.92,19.14,29.27,20.18
30.85,19.11,29.35,20.15
30.78,19.08,29.35,20.1
30.71,19.04,29.28,20.08
30.64,19.01,29.15,20.05
30.57,18.99,29.2,20
30.5,18.96,29.23,19.98
30.44,18.93,29.35,19.96
30.37,18.9,29.52,19.93
30.31,18.88,29.38,19.89
30.25,18.84,29.36,19.86
30.19,18.81,29.37,19.84
30.14,18.78,29.59,19.81
30.09,18.76,29.49,19.78
30.04,18.74,29.52,19.75
30,18.71,29.53,19.71
29.96,18.7,29.58,19.67
29.92,18.67,29.53,19.63
29.88,18.65,29.71,19.61
29.84,18.63,29.7,19.57
29.8,18.61,29.7,19.57
29.76,18.58,29.76,19.54
29.72,18.56,29.8,19.52
29.68,18.55,29.76,19.48
29.64,18.53,29.8,19.45
29.61,18.51,29.81,19.43
29.57,18.51,29.87,19.39
29.53,18.53,29.72,19.32
29.49,18.54,29.86,19.28
29.46,18.55,30.02,19.24
29.43,18.54,30.37,19.25
29.4,18.54,30.68,19.24
29.37,18.54,30.77,19.24
29.34,18.52,30.66,19.25
29.31,18.51,30.71,19.26
29.29,18.51,30.63,19.23
29.27,18.49,30.66,19.22
29.25,18.47,30.68,19.22
29.23,18.46,30.68,19.2
29.22,18.46,30.68,19.18
29.21,18.45,30.67,19.18
29.2,18.44,30.66,19.17
29.19,18.44,30.67,19.15
29.19,18.43,30.51,19.16
29.19,18.42,30.5,19.16
29.2,18.42,30.5,19.15
29.21,18.42,30.5,19.13
29.22,18.42,30.49,19.1
29.24,18.41,30.46,19.09
29.26,18.42,30.48,19.06
29.29,18.43,30.55,19.05
29.31,18.44,30.58,19.03
29.34,18.45,30.63,19.04
29.38,18.46,30.67,19.06
29.41,18.48,30.61,19.06
29.45,18.5,30.59,19.05
29.49,18.52,30.57,19.06
29.53,18.55,30.49,19.06
29.57,18.56,30.49,19.07
29.61,18.59,30.48,19.09
29.65,18.62,30.43,19.11
29.69,18.64,30.37,19.15
29.74,18.66,30.18,19.16
29.78,18.68,30.14,19.16
29.82,18.7,30.13,19.19
29.87,18.73,30.13,19.17
29.91,18.75,30.13,19.18
29.95,18.79,30.06,19.16
29.99,18.84,30.18,19.13
30.02,18.89,30.21,19.11
30.06,18.94,30.14,19.09
30.09,18.99,30.12,19.08
30.12,19.05,30.12,19.06
30.15,19.12,30.08,19.04
30.18,19.17,30.01,19.05
30.2,19.23,29.95,19.05
32.1,21.92,24.52,22.71
32.08,21.94,24.54,22.75
32.05,21.96,24.75,22.79
32.01,21.98,24.94,22.82
31.96,22.01,24.99,22.84
31.9,22.02,24.91,22.89
31.84,22.03,25.04,22.92
31.77,22.05,25.04,22.92
31.7,22.06,25.24,22.94
31.63,22.07,25.43,22.97
31.54,22.09,25.36,22.99
31.46,22.11,25.5,23
31.38,22.11,25.52,23.04
31.29,22.11,25.54,23.08
31.2,22.1,25.62,23.11
31.11,22.09,25.59,23.16
31.02,22.1,25.7,23.18
30.93,22.1,25.73,23.19
30.85,22.11,25.73,23.2
30.76,22.11,25.72,23.21
30.68,22.09,25.75,23.24
30.61,22.08,25.82,23.28
30.54,22.07,25.86,23.32
30.47,22.08,25.93,23.36
30.41,22.09,25.99,23.37
30.35,22.11,26.05,23.39
30.31,22.13,26.02,23.39
30.27,22.16,26.02,23.37
30.23,22.17,26.03,23.39
30.21,22.19,26.11,23.39
30.2,22.22,26.28,23.38
30.2,22.25,26.24,23.37
30.2,22.26,26.27,23.4
30.22,22.26,26.24,23.44
30.23,22.25,26.24,23.47
30.26,22.25,26.23,23.47
30.29,22.25,26.27,23.47
30.33,22.25,26.27,23.47
30.37,22.25,26.32,23.47
30.42,22.27,26.33,23.44
30.47,22.28,26.42,23.42
30.52,22.28,26.44,23.41
30.58,22.28,26.44,23.4
30.63,22.28,26.51,23.39
30.69,22.28,26.52,23.38
30.75,22.26,26.53,23.4
30.81,22.24,26.53,23.42
30.87,22.22,26.53,23.43
30.93,22.22,26.52,23.42
30.99,22.23,26.54,23.39
31.05,22.23,26.58,23.39
31.1,22.22,26.65,23.4
31.15,22.22,26.69,23.39
31.2,22.21,26.64,23.41
31.25,22.2,26.64,23.42
31.29,22.2,26.71,23.43
31.32,22.19,26.73,23.44
31.35,22.19,27.03,23.45
31.37,22.21,27.18,23.44
31.39,22.23,27.43,23.45
31.4,22.25,27.63,23.47
31.4,22.28,27.56,23.46
31.39,22.3,27.39,23.48
31.38,22.32,27.48,23.51
31.36,22.35,27.45,23.55
31.33,22.37,27.74,23.6
31.29,22.39,27.72,23.63
31.25,22.4,27.87,23.68
31.2,22.42,27.83,23.71
31.15,22.44,27.77,23.75
31.1,22.46,27.87,23.79
31.04,22.48,27.79,23.83
30.98,22.51,27.9,23.86
30.92,22.54,27.7,23.89
30.86,22.57,27.66,23.92
30.8,22.6,27.36,23.96
30.73,22.63,27.47,24
30.67,22.66,27.49,24.04
30.61,22.69,27.34,24.07
30.55,22.72,27.33,24.11
30.49,22.76,27.28,24.14
30.44,22.79,27.28,24.17
30.39,22.83,27.41,24.2
30.34,22.87,27.37,24.25
30.3,22.92,27.38,24.29
30.27,22.97,27.46,24.32
30.24,23.02,27.42,24.35
30.22,23.07,27.57,24.38
30.2,23.09,27.6,24.44
30.2,23.12,27.79,24.48
30.2,23.15,27.7,24.5
30.22,23.19,27.54,24.52
30.25,23.22,27.4,24.55
30.29,23.26,27.38,24.55
30.35,23.29,27.81,24.59
30.42,23.33,28,24.64
30.51,23.37,27.85,24.71
30.6,23.42,28.01,24.75
30.7,23.46,27.77,24.8
30.81,23.5,27.71,24.85
30.93,23.53,27.61,24.89
31.05,23.56,27.51,24.93
31.18,23.59,27.54,24.97
31.31,23.63,27.42,25
31.44,23.67,27.4,25.03
31.58,23.7,27.48,25.09
31.71,23.73,27.4,25.13
31.84,23.76,27.39,25.18
31.97,23.79,27.38,25.22
32.09,23.82,27.37,25.26
32.21,23.85,27.39,25.31
32.33,23.88,27.42,25.36
32.44,23.92,27.42,25.39
32.54,23.96,27.35,25.45
32.63,24.01,27.4,25.47
32.7,24.05,27.67,25.52
32.77,24.1,27.72,25.57
32.83,24.14,27.72,25.63
32.87,24.19,27.58,25.65
32.89,24.23,27.56,25.7
32.9,24.28,27.59,25.72
32.9,24.32,27.56,25.77
32.9,24.35,27.54,25.82
32.89,24.38,27.54,25.87
32.88,24.41,27.57,25.91
32.87,24.45,27.6,25.95
32.86,24.48,27.61,26
32.84,24.51,27.52,26.04
32.83,24.54,27.48,26.08
32.81,24.56,27.48,26.14
32.79,24.6,27.48,26.16
32.78,24.63,27.48,26.22
32.76,24.68,27.87,26.26
32.74,24.72,27.93,26.32
32.72,24.76,27.71,26.39
32.7,24.81,27.61,26.44
32.68,24.84,27.77,26.51
32.66,24.88,27.82,26.57
32.64,24.92,27.77,26.62
32.62,24.96,27.71,26.67
32.6,25,27.72,26.71
32.58,25.03,27.71,26.76
32.56,25.06,27.72,26.81
32.55,25.09,27.74,26.84
32.54,25.11,27.7,26.88
32.53,25.12,27.52,26.92
32.52,25.14,27.53,26.94
32.51,25.16,27.46,26.95
32.5,25.16,27.49,26.97
32.5,25.17,27.48,26.98
32.5,25.17,27.4,27
32.5,25.17,27.35,27.02
32.5,25.18,27.35,27.01
32.51,25.19,27.41,27.02
32.51,25.2,27.5,27.02
32.51,25.21,27.53,27.01
32.51,25.23,27.6,26.98
32.52,25.23,27.47,26.99
32.52,25.24,27.49,26.97
32.53,25.26,27.59,26.94
32.53,25.28,27.58,26.91
32.54,25.29,27.89,26.9
32.54,25.29,28.1,26.92
32.55,25.29,28.06,26.95
32.55,25.29,28.31,26.97
32.56,25.28,28.05,27.01
32.57,25.28,27.98,27.03
32.57,25.28,28.16,27.04
32.58,25.28,28.09,27.05
32.59,25.27,28.06,27.09
32.6,25.27,27.97,27.12
32.6,25.27,27.92,27.15
32.61,25.26,28.19,27.19
32.62,25.26,28.02,27.22
32.63,25.26,28.23,27.27
32.64,25.27,28.02,27.28
32.65,25.27,27.95,27.29
32.66,25.27,27.91,27.3
32.68,25.29,27.93,27.29
32.69,25.3,27.86,27.3
32.7,25.31,27.71,27.31
32.72,25.32,27.7,27.31
32.74,25.35,27.88,27.27
32.76,25.35,27.9,27.27
32.79,25.35,28.06,27.26
32.82,25.35,27.92,27.26
32.86,25.35,27.82,27.22
32.9,25.35,27.69,27.18
32.94,25.34,27.71,27.16
32.99,25.34,27.85,27.11
33.03,25.34,27.74,27.08
33.08,25.35,27.67,27.06
33.13,25.36,27.7,27.04
33.18,25.38,27.93,27.02
33.23,25.39,28.03,27.02
33.28,25.41,27.88,27.02
33.33,25.44,27.81,27.01
33.38,25.47,27.66,26.98
33.43,25.5,27.51,26.97
33.48,25.53,27.43,26.96
33.53,25.56,27.4,26.96
33.57,25.59,27.44,26.94
33.61,25.62,27.52,26.94
33.65,25.63,27.41,26.96
33.68,25.64,27.36,26.96
33.72,25.65,27.28,26.95
33.74,25.65,27.28,26.94
33.76,25.65,27.24,26.91
33.78,25.64,27.14,26.89
33.79,25.62,27.19,26.87
33.8,25.6,27.28,26.85
33.8,25.59,27.2,26.8
33.79,25.56,27.21,26.78
33.76,25.53,27.21,26.75
33.73,25.5,27.08,26.72
33.7,25.46,27.04,26.72
33.65,25.41,27.06,26.72
33.6,25.35,27.06,26.75
33.54,25.29,27.16,26.76
33.48,25.23,26.75,26.74
33.41,25.18,26.33,26.67
33.34,25.11,26.66,26.6
33.27,25.03,26.75,26.54
33.19,24.95,26.96,26.46
33.11,24.87,27.05,26.38
33.03,24.79,27,26.3
32.95,24.72,26.91,26.19
32.87,24.65,26.84,26.12
32.79,24.59,26.91,26.09
32.72,24.54,26.82,26.05
32.64,24.49,26.74,26.01
32.57,24.44,26.93,25.96
32.51,24.41,27.32,25.88
32.44,24.37,27.44,25.81
32.39,24.33,27.68,25.76
32.34,24.28,27.51,25.73
32.29,24.23,27.42,25.69
32.26,24.17,27.35,25.67
32.23,24.12,27.48,25.65
32.21,24.06,27.59,25.66
32.2,24,27.64,25.64
32.2,23.95,27.61,25.6
32.2,23.89,27.66,25.55
32.2,23.84,27.61,25.5
32.21,23.78,27.78,25.45
32.22,23.73,27.89,25.37
32.24,23.67,27.79,25.31
32.26,23.61,27.7,25.26
32.28,23.55,27.6,25.21
32.3,23.49,27.66,25.18
32.32,23.44,27.79,25.13
32.35,23.4,27.8,25.03
32.37,23.35,27.79,24.96
32.4,23.3,27.92,24.9
32.43,23.26,28.01,24.81
32.46,23.22,28.11,24.74
32.48,23.17,28.17,24.69
32.51,23.12,28.13,24.64
32.54,23.07,28.16,24.59
32.56,23.02,28.17,24.54
32.59,22.95,28.21,24.5
32.61,22.89,28.22,24.44
32.63,22.83,28.22,24.39
32.65,22.77,28.2,24.34
32.67,22.72,28.21,24.29
32.68,22.66,28.21,24.24
32.69,22.61,28.24,24.19
32.7,22.56,28.3,24.15
32.7,22.51,28.26,24.09
32.7,22.47,28.22,24.04
32.7,22.42,28.32,23.99
32.69,22.37,28.37,23.94
32.68,22.33,28.36,23.87
32.66,22.29,28.5,23.81
32.65,22.25,28.54,23.76
32.62,22.2,28.62,23.73
32.6,22.15,28.53,23.69
32.57,22.09,28.51,23.66
32.54,22.04,28.6,23.61
32.51,22,28.58,23.56
32.48,21.96,28.71,23.51
32.45,21.92,28.9,23.46
32.41,21.88,28.93,23.42
32.38,21.83,28.9,23.4
32.34,21.8,28.93,23.35
32.31,21.76,28.89,23.34
32.28,21.73,29.1,23.28
32.24,21.68,29.13,23.25
32.21,21.64,29.13,23.2
32.18,21.58,29.08,23.19
32.15,21.54,29.09,23.13
32.12,21.49,29.04,23.11
32.09,21.45,29,23.07
32.07,21.4,28.98,23.03
32.05,21.35,29.02,22.98
32.03,21.3,29.08,22.94
32.02,21.26,29,22.88
32.01,21.21,29.13,22.84
32,21.17,29.1,22.8
32,21.12,29.1,22.79
32,21.08,29.18,22.74
32.01,21.04,29.18,22.7
32.02,21,29.27,22.67
32.04,20.96,29.21,22.63
32.06,20.93,29.28,22.59
32.08,20.89,29.47,22.55
32.11,20.85,29.42,22.5
32.15,20.81,29.43,22.46
32.18,20.78,29.44,22.41
32.22,20.74,29.42,22.39
32.26,20.7,29.5,22.35
32.31,20.66,29.54,22.31
32.35,20.63,29.61,22.25
32.4,20.59,29.65,22.21
32.45,20.55,29.8,22.17
32.5,20.51,29.79,22.15
32.55,20.47,29.82,22.12
32.6,20.43,29.82,22.08
32.65,20.4,29.82,22.02
32.7,20.36,29.98,21.98
32.74,20.32,30.01,21.94
32.79,20.29,30.06,21.89
32.84,20.27,30.1,21.82
32.88,20.24,30.07,21.76
32.92,20.21,30.16,21.7
32.96,20.17,30.17,21.65
32.99,20.13,30.19,21.62
33.03,20.1,30.26,21.57
33.05,20.06,30.24,21.54
33.08,20.03,30.28,21.49
33.1,20,30.27,21.44
33.12,19.97,30.34,21.39
33.14,19.94,30.42,21.34
33.15,19.91,30.56,21.29
33.17,19.88,30.89,21.27
33.18,19.87,31,21.24
33.2,19.86,30.92,21.19
33.21,19.85,30.96,21.15
33.22,19.84,31.12,21.1
33.24,19.81,31.16,21.1
33.25,19.79,31.09,21.06
33.26,19.76,31.09,21.04
33.27,19.72,31.05,21
33.28,19.68,30.96,20.95
33.29,19.64,31.22,20.89
33.3,19.58,31.11,20.86
33.31,19.53,31.19,20.84
33.32,19.5,31.11,20.79
33.33,19.47,31.13,20.76
33.34,19.44,31.18,20.72
33.34,19.41,31.21,20.68
33.35,19.38,31.26,20.65
33.36,19.35,31.38,20.61
33.36,19.32,31.47,20.58
33.37,19.29,31.45,20.55
33.38,19.25,31.39,20.53
33.38,19.23,31.43,20.49
33.39,19.21,31.44,20.43
33.39,19.18,31.52,20.4
33.4,19.15,31.53,20.36
33.4,19.12,31.57,20.33
33.4,19.08,31.57,20.31
33.4,19.06,31.53,20.27
33.4,19.04,31.59,20.23
33.4,19.02,31.61,20.19
33.4,19,31.72,20.17
33.39,18.98,31.87,20.13
33.39,18.96,31.72,20.1
33.38,18.94,31.79,20.07
33.37,18.91,31.81,20.05
33.36,18.88,31.83,20.03
33.34,18.85,31.93,20.01
33.33,18.82,31.91,19.99
33.31,18.8,32.03,19.96
33.3,18.79,32.06,19.91
33.28,18.77,31.93,19.9
33.26,18.75,32.11,19.86
33.24,18.74,32.16,19.83
33.22,18.73,32.21,19.78
33.2,18.71,32.08,19.76
33.18,18.69,32.3,19.72
33.15,18.67,32.54,19.69
33.13,18.65,32.42,19.66
33.1,18.61,32.54,19.67
33.07,18.59,32.64,19.63
33.05,18.56,32.71,19.63
33.02,18.54,32.63,19.59
32.99,18.52,32.62,19.57
32.96,18.51,32.73,19.52
32.93,18.5,32.62,19.47
32.9,18.48,32.57,19.44
32.86,18.46,32.63,19.44
32.8,18.45,32.68,19.41
32.72,18.44,32.81,19.38
32.63,18.44,32.8,19.36
32.52,18.44,32.9,19.35
32.4,18.44,32.94,19.33
32.26,18.44,33.05,19.31
32.12,18.45,33.11,19.28
31.97,18.46,33.02,19.27
31.81,18.46,33.02,19.27
31.64,18.46,33.1,19.26
31.47,18.46,33.15,19.24
31.29,18.46,33.3,19.23
31.12,18.47,33.39,19.21
30.94,18.47,33.48,19.21
30.76,18.47,33.51,19.2
30.59,18.48,33.39,19.18
30.42,18.48,33.51,19.17
30.25,18.5,33.84,19.14
30.1,18.51,34.02,19.14
29.95,18.51,34.1,19.15
29.81,18.51,33.97,19.16
29.68,18.52,34.01,19.16
29.56,18.52,33.9,19.18
29.46,18.52,33.85,19.19
29.37,18.52,33.69,19.19
29.3,18.53,33.74,19.19
29.24,18.55,33.62,19.18
29.21,18.58,33.58,19.17
29.2,18.62,33.61,19.16
29.2,18.66,33.62,19.17
29.21,18.72,33.62,19.17
29.22,18.77,33.62,19.19
29.23,18.81,33.43,19.23
29.25,18.84,33.42,19.28
29.27,18.87,33.51,19.33
29.3,18.9,33.43,19.38
29.33,18.93,33.16,19.43
29.36,18.99,33.24,19.44
29.39,19.05,33.28,19.47
29.42,19.1,33.12,19.56
29.46,19.15,33.12,19.65
29.5,19.22,33.08,19.7
29.54,19.29,33.34,19.76
29.57,19.35,33.32,19.83
29.61,19.41,33.29,19.88
29.65,19.45,32.99,19.92
29.69,19.47,32.84,19.97
29.73,19.5,32.69,19.99
29.76,19.55,32.82,20
29.8,19.6,32.85,20.03
29.83,19.66,32.89,20.08
29.86,19.71,32.95,20.15
29.89,19.76,32.73,20.21
29.92,19.8,32.54,20.29
29.94,19.85,32.57,20.36
29.96,19.92,32.77,20.41
29.98,20,32.75,20.43
29.99,20.04,32.93,20.51
30,20.06,33.05,20.6
32,22.43,37.56,22.77
32.02,22.39,38.34,22.81
32.04,22.37,39.67,22.88
32.06,22.4,40.75,22.94
32.09,22.45,41.23,23.02
32.12,22.5,41.03,23.11
32.15,22.55,41.65,23.18
32.19,22.6,42.01,23.24
32.22,22.63,42.25,23.32
32.26,22.67,42.04,23.35
32.3,22.7,41.98,23.37
32.34,22.72,42.06,23.37
32.39,22.72,42.11,23.4
32.43,22.73,41.88,23.41
32.47,22.75,42.01,23.39
32.52,22.76,42.14,23.4
32.56,22.76,42.29,23.41
32.61,22.77,42.36,23.4
32.65,22.77,42.41,23.4
32.7,22.77,42.36,23.4
32.74,22.78,42.15,23.38
32.78,22.78,42.03,23.38
32.83,22.77,42.33,23.4
32.87,22.77,42.59,23.4
32.91,22.77,42.44,23.41
32.94,22.79,42.11,23.44
32.98,22.81,42.47,23.49
33.01,22.81,42.89,23.55
33.04,22.81,42.94,23.6
33.07,22.81,42.95,23.63
33.1,22.81,42.85,23.65
33.12,22.81,43.09,23.66
33.15,22.8,43.19,23.66
33.17,22.77,43.2,23.68
33.19,22.77,43.14,23.68
33.21,22.77,43.05,23.69
33.23,22.77,43.24,23.71
33.25,22.79,45.15,23.71
33.27,22.79,45.1,23.71
33.29,22.79,44.83,23.71
33.3,22.79,44.95,23.72
33.31,22.8,44.88,23.73
33.33,22.81,45.88,23.74
33.34,22.8,45.41,23.8
33.35,22.81,44.47,23.81
33.36,22.81,44.42,23.82
33.37,22.82,44.76,23.82
33.37,22.82,44.4,23.85
33.38,22.82,44.33,23.87
33.38,22.83,44.28,23.86
33.38,22.82,45.14,23.88
33.38,22.81,44.83,23.91
33.38,22.82,44.77,23.89
33.38,22.82,44.88,23.9
33.37,22.82,44.66,23.9
33.36,22.82,44.82,23.9
33.35,22.81,44.85,23.91
33.34,22.8,44.59,23.91
33.33,22.8,44.49,23.89
33.32,22.8,44.59,23.87
33.3,22.8,44.58,23.85
33.28,22.79,44.47,23.86
33.25,22.79,44.38,23.87
33.22,22.8,44.3,23.88
33.18,22.82,44.35,23.88
33.14,22.84,44.78,23.89
33.09,22.84,44.71,23.9
33.04,22.83,44.72,23.92
32.98,22.83,44.77,23.91
32.92,22.83,44.76,23.89
32.86,22.85,44.98,23.89
32.8,22.85,44.88,23.94
32.73,22.85,44.77,23.99
32.67,22.85,45.24,24.05
32.6,22.84,45.02,24.1
32.53,22.83,44.83,24.11
32.46,22.83,44.87,24.11
32.39,22.84,44.8,24.12
32.32,22.84,45.76,24.19
32.25,22.85,45.39,24.23
32.19,22.86,45.36,24.23
32.12,22.86,45.25,24.2
32.06,22.85,45.32,24.17
32,22.85,45.07,24.12
31.95,22.85,45.14,24.08
31.89,22.85,44.99,24.05
31.84,22.84,45.04,24.1
31.8,22.83,45.29,24.14
31.76,22.83,44.94,24.15
31.73,22.81,45.45,24.16
31.7,22.81,44.89,24.13
31.68,22.8,44.6,24.15
31.65,22.8,44.69,24.2
31.63,22.81,44.43,24.26
31.61,22.82,44.55,24.29
31.59,22.84,44.39,24.28
31.57,22.86,44.32,24.25
31.55,22.9,44.48,24.2
31.53,22.92,44.6,24.18
31.51,22.96,44.61,24.15
31.5,23.01,44.51,24.12
31.49,23.05,44.51,24.14
31.47,23.09,44.57,24.16
31.46,23.13,44.49,24.17
31.45,23.16,44.56,24.2
31.44,23.2,44.56,24.21
31.43,23.23,44.49,24.25
31.43,23.27,44.31,24.29
31.42,23.35,44.31,24.3
31.42,23.4,44.4,24.37
31.42,23.44,44.28,24.45
31.42,23.46,44.15,24.55
31.42,23.5,44.03,24.62
31.43,23.54,44.02,24.67
31.43,23.58,43.9,24.79
31.44,23.64,43.87,24.9
31.45,23.71,43.85,24.98
31.46,23.77,43.8,25.03
31.47,23.82,43.77,25.08
31.48,23.86,43.78,25.13
31.5,23.89,43.9,25.16
31.52,23.9,43.85,25.21
31.54,23.92,43.76,25.2
31.57,23.94,44.15,25.22
31.59,23.97,43.81,25.23
31.62,24,43.62,25.25
31.66,24.04,43.65,25.24
31.69,24.07,43.66,25.29
31.73,24.09,43.57,25.37
31.76,24.11,43.47,25.43
31.8,24.13,43.4,25.5
31.84,24.15,43.36,25.55
31.88,24.18,43.3,25.58
31.93,24.21,43.28,25.61
31.97,24.26,43.14,25.63
32.01,24.3,43.13,25.67
32.05,24.36,43.07,25.71
32.09,24.4,43.08,25.79
32.13,24.44,43.06,25.84
32.17,24.48,43.08,25.89
32.21,24.5,42.95,26.04
32.25,24.54,42.82,26.17
32.29,24.58,42.81,26.27
32.32,24.65,43.06,26.29
32.36,24.7,43.03,26.3
32.39,24.75,43.03,26.27
32.42,24.79,42.98,26.22
32.44,24.83,42.88,26.17
32.46,24.86,42.85,26.15
32.48,24.88,42.8,26.16
32.5,24.89,42.79,26.19
32.51,24.9,42.73,26.22
32.52,24.93,42.58,26.24
32.53,24.98,42.54,26.25
32.54,25.03,42.62,26.26
32.54,25.07,42.4,26.29
32.54,25.12,42.45,26.31
32.54,25.16,42.38,26.35
32.54,25.19,42.33,26.4
32.53,25.23,42.24,26.42
32.53,25.27,42.1,26.45
32.52,25.3,41.94,26.5
32.51,25.34,41.79,26.51
32.5,25.36,41.48,26.54
32.49,25.39,41.76,26.52
32.48,25.4,41.89,26.51
32.47,25.4,41.81,26.5
32.46,25.4,41.99,26.5
32.45,25.38,41.87,26.53
32.44,25.37,41.99,26.54
32.43,25.36,41.93,26.53
32.42,25.37,41.57,26.49
32.42,25.38,41.31,26.5
32.41,25.38,41.07,26.53
32.4,25.39,41.08,26.6
32.4,25.4,41.18,26.71
32.39,25.41,41.36,26.81
32.39,25.42,41.34,26.84
32.39,25.44,41.16,26.87
32.4,25.45,41.2,26.88
32.4,25.46,41.37,26.85
32.41,25.49,41.54,26.81
32.42,25.51,41.33,26.86
32.44,25.51,41.36,26.88
32.46,25.49,41.4,26.85
32.49,25.45,41.26,26.82
32.52,25.4,41.32,26.79
32.56,25.34,41.42,26.78
32.59,25.29,41.42,26.74
32.63,25.25,41.45,26.71
32.68,25.21,41.54,26.7
32.72,25.2,41.62,26.67
32.76,25.17,41.56,26.66
32.81,25.16,41.76,26.62
32.86,25.16,41.69,26.58
32.91,25.14,41.54,26.57
32.95,25.13,41.62,26.54
33,25.12,41.51,26.54
33.05,25.11,41.73,26.51
33.09,25.09,41.66,26.5
33.14,25.07,41.62,26.49
33.18,25.04,41.6,26.48
33.22,25,41.55,26.51
33.25,24.97,41.44,26.55
33.29,24.95,41.57,26.6
33.32,24.92,41.61,26.67
33.34,24.89,41.47,26.73
33.36,24.87,41.41,26.73
33.38,24.83,41.61,26.74
33.39,24.79,41.95,26.72
33.4,24.75,41.58,26.68
33.39,24.7,41.51,26.62
33.37,24.66,41.29,26.55
33.33,24.62,41.22,26.51
33.27,24.59,41.2,26.52
33.2,24.55,41.31,26.55
33.12,24.52,41.32,26.53
33.02,24.48,41.39,26.52
32.92,24.43,41.55,26.49
32.8,24.39,41.62,26.45
32.68,24.34,41.73,26.44
32.55,24.3,41.86,26.44
32.41,24.27,41.66,26.43
32.27,24.23,41.82,26.49
32.13,24.19,41.58,26.52
31.98,24.14,41.73,26.52
31.84,24.1,41.84,26.55
31.7,24.06,42.06,26.6
31.56,24.03,42.05,26.58
31.42,24,42.12,26.52
31.28,23.95,42.27,26.43
31.16,23.9,41.94,26.31
31.04,23.85,42.16,26.22
30.93,23.79,42.13,26.19
30.83,23.74,42.62,26.19
30.74,23.7,42.49,26.15
30.66,23.66,42.22,26.09
30.6,23.62,42.29,26.01
30.55,23.59,42.28,25.93
30.51,23.54,42.13,25.88
30.5,23.5,42.36,25.8
30.5,23.44,42.56,25.72
30.52,23.38,42.55,25.62
30.55,23.33,42.41,25.53
30.58,23.28,42.46,25.43
30.63,23.24,42.39,25.35
30.69,23.2,42.55,25.29
30.76,23.17,42.59,25.23
30.84,23.13,42.53,25.17
30.92,23.08,42.53,25.1
31.01,23.03,42.68,25.02
31.1,22.98,42.79,24.95
31.2,22.94,42.82,24.91
31.3,22.9,42.78,24.89
31.4,22.86,42.95,24.86
31.5,22.81,42.91,24.83
31.6,22.76,42.93,24.78
31.7,22.72,43.15,24.71
31.8,22.68,43.1,24.65
31.89,22.64,43.1,24.58
31.98,22.59,43.15,24.55
32.06,22.55,43.29,24.52
32.14,22.51,43.08,24.51
32.21,22.47,43,24.58
32.27,22.44,42.88,24.65
32.32,22.41,42.98,24.7
32.36,22.38,43.11,24.69
32.39,22.35,43.05,24.65
32.41,22.31,43.15,24.61
32.41,22.29,43.12,24.54
32.4,22.25,43.26,24.52
32.38,22.21,43.33,24.5
32.35,22.18,43.24,24.43
32.31,22.14,43.45,24.34
32.27,22.11,43.38,24.25
32.23,22.07,43.68,24.18
32.18,22.04,43.58,24.1
32.12,22.02,43.61,24
32.06,21.99,43.5,23.91
32,21.96,43.53,23.83
31.93,21.92,43.65,23.77
31.86,21.89,43.63,23.7
31.79,21.86,43.77,23.63
31.72,21.83,43.63,23.56
31.65,21.79,43.66,23.51
31.58,21.74,43.8,23.49
31.51,21.7,43.83,23.45
31.44,21.67,43.71,23.42
31.37,21.66,43.8,23.42
31.3,21.64,44.18,23.48
31.23,21.61,43.92,23.54
31.17,21.57,44,23.55
31.11,21.53,44.13,23.53
31.05,21.51,44.4,23.49
31,21.5,44.59,23.41
30.95,21.47,44.56,23.35
30.91,21.44,44.62,23.29
30.87,21.42,44.74,23.21
30.84,21.41,45.02,23.12
30.82,21.38,44.79,23.06
30.8,21.36,44.78,23.05
30.79,21.36,45.37,23.06
30.77,21.36,45.4,23.08
30.76,21.34,45.25,23.06
30.75,21.3,45.55,23.03
30.74,21.25,45.5,22.98
30.73,21.19,45.46,22.96
30.72,21.14,45.36,22.94
30.71,21.1,45.32,22.93
30.7,21.09,45.27,22.87
30.69,21.06,45.35,22.81
30.68,21.02,45.37,22.77
30.67,20.98,45.43,22.73
30.66,20.95,45.38,22.71
30.65,20.93,45.46,22.71
30.64,20.92,45.51,22.72
30.63,20.89,45.6,22.76
30.62,20.87,45.61,22.73
30.61,20.84,45.67,22.7
30.6,20.8,45.63,22.69
30.59,20.78,45.55,22.69
30.58,20.76,45.68,22.67
30.57,20.75,45.54,22.65
30.57,20.74,45.5,22.61
30.56,20.73,46.02,22.59
30.55,20.7,46.38,22.6
30.54,20.67,45.94,22.58
30.53,20.66,45.82,22.54
30.52,20.65,45.92,22.51
30.51,20.63,46.09,22.5
30.5,20.61,46,22.46
30.49,20.59,46.2,22.41
30.48,20.56,46.19,22.35
30.47,20.54,46.41,22.28
30.46,20.51,46.53,22.23
30.45,20.48,46.6,22.22
30.44,20.46,46.74,22.18
30.43,20.44,46.68,22.22
30.41,20.42,46.61,22.33
30.4,20.39,46.57,22.37
30.39,20.37,46.65,22.33
30.38,20.35,46.69,22.26
30.37,20.31,46.66,22.19
30.36,20.28,46.74,22.1
30.35,20.27,46.63,22.03
30.34,20.26,46.62,22.01
30.33,20.25,46.72,22.01
30.32,20.23,46.7,21.96
30.31,20.21,46.86,21.89
30.29,20.18,46.77,21.82
30.28,20.14,46.8,21.77
30.27,20.12,46.85,21.68
30.27,20.08,46.95,21.64
30.26,20.05,47.04,21.58
30.25,20,46.98,21.56
30.24,19.97,46.97,21.51
30.23,19.94,47,21.48
30.22,19.91,47.04,21.44
30.21,19.89,47.15,21.38
30.21,19.86,47.25,21.35
30.2,19.84,47.19,21.31
30.2,19.81,47.2,21.28
30.2,19.8,47.27,21.24
30.2,19.79,47.36,21.19
30.21,19.78,47.42,21.14
30.22,19.75,47.45,21.12
30.23,19.73,47.37,21.1
30.24,19.7,47.23,21.07
30.26,19.67,47.32,21.07
30.28,19.65,47.42,21.03
30.3,19.63,47.42,21.01
30.33,19.61,47.49,20.99
30.35,19.61,47.49,20.99
30.38,19.6,47.44,21.03
30.41,19.59,47.51,21.01
30.43,19.56,47.47,21
30.46,19.53,47.61,20.98
30.49,19.51,47.62,20.94
30.51,19.5,47.56,20.88
30.54,19.48,47.58,20.84
30.56,19.47,47.55,20.8
30.59,19.46,47.68,20.78
30.61,19.44,47.71,20.77
30.63,19.42,47.77,20.77
30.65,19.39,47.85,20.8
30.66,19.38,48.11,20.79
30.68,19.37,48.22,20.77
30.69,19.35,48.1,20.77
30.7,19.34,48.13,20.77
30.7,19.33,48.2,20.74
30.7,19.32,48.23,20.7
30.69,19.3,48.37,20.67
30.68,19.29,48.48,20.63
30.67,19.28,48.48,20.6
30.65,19.28,48.53,20.56
30.62,19.27,48.58,20.52
30.59,19.25,48.65,20.5
30.55,19.23,48.65,20.46
30.51,19.2,48.78,20.43
30.47,19.17,48.95,20.42
30.43,19.13,48.89,20.4
30.38,19.12,49.16,20.35
30.33,19.09,49.21,20.31
30.28,19.07,49.06,20.28
30.22,19.03,49.12,20.28
30.17,18.99,49.25,20.27
30.12,18.96,49.31,20.25
30.06,18.93,49.31,20.24
30.01,18.9,49.15,20.23
29.95,18.89,49.08,20.19
29.9,18.88,49.15,20.15
29.85,18.85,49.11,20.16
29.8,18.83,49.2,20.15
29.75,18.81,49.38,20.15
29.7,18.8,49.62,20.13
29.66,18.79,49.48,20.11
29.62,18.76,49.66,20.13
29.58,18.74,49.8,20.12
29.55,18.72,49.66,20.11
29.52,18.71,49.67,20.06
29.5,18.69,49.58,20.04
29.48,18.67,49.64,20.01
29.47,18.65,49.75,19.99
29.46,18.64,49.71,19.95
29.45,18.63,49.67,19.92
29.45,18.62,49.85,19.89
29.45,18.61,49.95,19.86
29.46,18.6,50.13,19.85
29.46,18.6,50.43,19.82
29.47,18.6,50.37,19.78
29.48,18.6,50.31,19.74
29.49,18.59,50.58,19.73
29.51,18.58,50.44,19.72
29.52,18.6,50.36,19.7
29.54,18.6,50.41,19.74
29.55,18.59,50.47,19.78
29.57,18.57,50.46,19.8
29.58,18.56,50.66,19.79
29.6,18.56,50.7,19.77
29.61,18.56,50.89,19.74
29.62,18.57,51.04,19.69
29.63,18.58,50.94,19.66
29.64,18.59,50.96,19.62
29.65,18.6,51.05,19.6
29.65,18.6,50.92,19.61
29.65,18.61,50.93,19.59
29.65,18.61,50.92,19.59
29.64,18.61,50.99,19.58
29.63,18.62,50.96,19.56
29.62,18.64,50.89,19.52
29.6,18.64,51.02,19.51
29.57,18.65,51.18,19.52
29.54,18.67,51.29,19.52
29.5,18.7,51.17,19.56
29.45,18.72,51.37,19.59
29.39,18.74,51.03,19.62
29.33,18.78,51.05,19.62
29.26,18.81,51.27,19.66
29.19,18.85,51.12,19.71
29.12,18.89,51.07,19.75
29.05,18.93,51.12,19.76
28.98,18.97,51.14,19.77
28.9,19.01,51.13,19.76
28.83,19.05,51.03,19.76
28.76,19.09,51.03,19.76
28.7,19.13,51.1,19.76
28.64,19.17,51.07,19.77
28.58,19.21,51.09,19.79
28.53,19.22,51.04,19.86
28.48,19.24,50.95,19.9
28.45,19.26,50.88,19.94
28.42,19.27,50.99,20
28.4,19.28,50.9,20.05
31.6,21.41,40.11,22.11
31.62,21.39,40.16,22.11
31.64,21.38,40.15,22.09
31.66,21.37,40.17,22.09
31.68,21.36,40.23,22.08
31.7,21.35,40.24,22.06
31.72,21.33,40.24,22.06
31.74,21.32,40.25,22.05
31.76,21.31,40.25,22.05
31.78,21.3,40.33,22.04
31.8,21.3,40.65,22.02
31.83,21.31,41.19,22.01
31.85,21.34,41.64,22.04
31.87,21.38,42.6,22.08
31.9,21.41,43.07,22.14
31.92,21.45,43.43,22.17
31.94,21.47,43.5,22.2
31.97,21.49,43.86,22.24
31.99,21.5,43.99,22.27
32.02,21.52,44.22,22.31
32.04,21.54,44.55,22.35
32.07,21.56,44.73,22.39
32.09,21.57,44.76,22.45
32.12,21.59,45.02,22.47
32.15,21.6,45.19,22.52
32.17,21.62,45.33,22.55
32.2,21.64,45.15,22.58
32.22,21.67,45.19,22.59
32.25,21.69,45.29,22.63
32.27,21.72,45.41,22.65
32.3,21.76,45.47,22.67
32.33,21.78,45.61,22.69
32.36,21.78,45.62,22.76
32.52,21.88,46.16,22.99
32.56,21.88,46.24,23.03
32.59,21.89,46.42,23.06
32.63,21.92,46.53,23.05
32.67,21.92,46.59,23.09
32.71,21.92,46.67,23.12
32.74,21.93,46.7,23.13
32.78,21.94,46.79,23.14
32.82,21.96,46.82,23.14
32.85,21.97,46.88,23.16
32.89,21.98,46.96,23.18
32.92,21.98,47.01,23.19
32.96,21.98,47.03,23.21
32.99,21.98,47.05,23.24
33.02,21.98,47.14,23.25
33.05,21.98,47.18,23.27
33.08,21.99,47.21,23.28
33.1,22.02,47.25,23.27
33.12,22.03,47.25,23.3
33.14,22.05,47.3,23.29
33.16,22.06,47.33,23.29
33.18,22.05,47.36,23.3
33.19,22.03,47.35,23.28
33.2,22.02,47.33,23.24
33.2,22.02,47.26,23.22
33.2,22.02,47.26,23.23
33.2,22.02,47.32,23.24
33.19,22.03,47.4,23.25
33.17,22.05,47.45,23.24
33.15,22.06,47.47,23.25
33.13,22.06,47.45,23.27
33.11,22.07,47.54,23.26
33.08,22.08,47.52,23.26
33.05,22.09,47.55,23.28
33.01,22.1,47.44,23.31
32.98,22.11,47.5,23.33
32.94,22.15,47.49,23.29
32.91,22.16,47.48,23.32
32.87,22.18,47.47,23.33
32.83,22.21,47.42,23.31
32.79,22.24,47.41,23.31
32.76,22.28,47.4,23.29
32.72,22.32,47.38,23.26
32.69,22.36,47.3,23.26
32.65,22.41,47.15,23.24
32.62,22.48,47.21,23.2
32.6,22.52,47.18,23.24
32.57,22.56,47.05,23.3
32.55,22.62,47.03,23.33
32.53,22.67,47.07,23.38
32.52,22.72,47.04,23.42
32.51,22.77,47.15,23.48
32.5,22.83,47.39,23.5
32.5,22.88,47.41,23.52
32.5,22.91,47.31,23.56
32.51,22.95,47.13,23.58
32.52,22.98,47.06,23.61
32.54,23.02,47.02,23.62
32.56,23.06,46.9,23.64
32.58,23.1,46.87,23.64
32.6,23.14,46.72,23.66
32.63,23.17,46.7,23.69
32.65,23.2,46.62,23.71
32.68,23.24,46.49,23.72
32.71,23.26,46.39,23.76
32.75,23.3,46.25,23.77
32.78,23.34,46.18,23.79
32.81,23.37,46.16,23.83
32.84,23.41,46.15,23.85
32.88,23.44,46.12,23.9
32.91,23.49,45.9,23.92
32.94,23.54,45.8,23.93
32.97,23.58,45.65,23.98
33.01,23.63,45.61,24.13
33.03,23.68,45.58,24.33
33.06,23.73,45.53,24.47
33.09,23.78,45.42,24.54
33.11,23.82,45.42,24.56
33.13,23.87,45.39,24.54
33.15,23.91,45.31,24.54
33.17,23.94,45.24,24.55
33.18,23.97,45.1,24.59
33.19,24.01,45,24.64
33.2,24.03,44.94,24.74
33.2,24.06,44.91,24.76
33.2,24.09,44.82,24.75
33.19,24.12,44.81,24.74
33.18,24.14,44.88,24.73
33.17,24.17,45.05,24.71
33.15,24.19,45.07,24.72
33.13,24.22,45.08,24.72
33.11,24.25,44.98,24.72
33.08,24.28,44.88,24.72
33.05,24.32,44.75,24.75
33.02,24.36,44.72,24.91
32.99,24.4,44.74,25.11
32.96,24.44,44.44,25.22
32.93,24.46,44.4,25.25
32.9,24.5,44.54,25.19
32.86,24.55,44.5,25.13
32.83,24.58,44.37,25.11
32.8,24.61,44.31,25.08
32.77,24.64,44.32,25.05
32.74,24.68,44.26,25.03
32.71,24.71,44.49,25.07
32.69,24.75,44.63,25.2
32.67,24.8,44.52,25.35
32.65,24.83,44.4,25.44
32.63,24.86,44.3,25.44
32.62,24.89,44.31,25.4
32.61,24.92,44.16,25.38
32.6,24.96,44.14,25.34
32.6,25,44.05,25.31
32.6,25.03,44.12,25.3
32.61,25.05,44.2,25.33
32.62,25.09,44.19,25.33
32.64,25.14,44.19,25.33
32.65,25.18,44.28,25.35
32.68,25.22,44.23,25.44
32.7,25.28,44.27,25.65
32.73,25.33,44.22,25.91
32.76,25.39,44.27,26.1
32.8,25.42,44.24,26.19
32.84,25.44,44.17,26.18
32.87,25.47,44.05,26.13
32.91,25.5,43.92,26.06
32.95,25.53,43.84,26
33,25.56,43.98,25.94
33.04,25.58,43.94,25.92
33.08,25.59,43.9,25.91
33.13,25.59,43.85,25.93
33.17,25.59,43.89,26.01
33.22,25.6,43.93,26.2
33.26,25.62,43.88,26.38
33.3,25.63,43.6,26.52
33.34,25.61,43.54,26.55
33.38,25.59,43.46,26.48
33.42,25.58,43.45,26.38
33.46,25.58,43.48,26.27
33.49,25.58,43.51,26.18
33.52,25.58,43.45,26.13
33.55,25.57,43.34,26.16
33.58,25.56,43.36,26.24
33.6,25.56,43.31,26.3
33.62,25.57,43.32,26.31
33.64,25.59,43.23,26.25
33.66,25.6,43.28,26.2
33.68,25.61,43.28,26.17
33.69,25.62,43.27,26.14
33.7,25.63,43.26,26.12
33.72,25.65,43.22,26.12
33.73,25.67,43.19,26.11
33.74,25.7,43.28,26.15
33.75,25.73,43.43,26.19
33.76,25.75,43.37,26.23
33.76,25.77,43.3,26.25
33.77,25.78,43.29,26.26
33.77,25.79,43.3,26.26
33.77,25.8,43.18,26.25
33.77,25.8,43.16,26.26
33.77,25.81,43.13,26.32
33.77,25.83,43.11,26.39
33.76,25.83,43.05,26.48
33.76,25.79,43.32,26.56
33.75,25.73,43.42,26.61
33.74,25.66,43.38,26.63
33.73,25.6,43.42,26.64
33.71,25.55,43.55,26.63
33.7,25.51,43.6,26.63
33.68,25.49,43.57,26.65
33.67,25.48,43.42,26.68
33.65,25.48,43.7,26.69
33.62,25.48,43.87,26.71
33.6,25.48,43.86,26.72
33.57,25.47,43.81,26.72
33.54,25.47,43.78,26.71
33.49,25.48,43.95,26.7
33.44,25.49,43.95,26.73
33.39,25.52,43.92,26.82
33.33,25.55,44.03,26.92
33.26,25.58,44.17,27.02
33.19,25.62,44.04,27.05
33.12,25.63,43.97,27.03
33.04,25.63,43.95,26.99
32.96,25.64,43.91,26.92
32.87,25.65,43.88,26.85
32.79,25.65,43.9,26.88
32.7,25.66,43.92,26.94
32.61,25.67,43.99,26.97
32.52,25.67,43.94,26.97
32.43,25.66,43.96,26.97
32.35,25.63,43.96,26.97
32.26,25.6,43.9,26.96
32.17,25.57,43.78,26.93
32.09,25.53,43.72,26.89
32.01,25.49,43.65,26.84
31.93,25.45,43.64,26.81
31.85,25.41,43.41,26.76
31.78,25.36,43.43,26.73
31.71,25.3,43.23,26.71
31.65,25.24,43.33,26.73
31.59,25.18,43.28,26.74
31.54,25.12,43.25,26.75
31.5,25.07,43.37,26.74
31.46,25.03,43.35,26.73
31.42,24.98,43.52,26.73
31.39,24.94,43.47,26.69
31.36,24.89,43.7,26.65
31.33,24.84,43.69,26.58
31.3,24.78,43.78,26.54
31.28,24.72,43.59,26.5
31.26,24.66,43.68,26.46
31.24,24.6,43.72,26.46
31.22,24.54,43.69,26.48
31.2,24.48,43.83,26.48
31.18,24.43,43.86,26.48
31.16,24.39,44.04,26.4
31.15,24.36,43.83,26.26
31.13,24.32,43.86,26.14
31.11,24.28,44.02,26.07
31.1,24.24,43.91,26
31.08,24.21,44.06,25.9
31.06,24.17,44.17,25.81
31.05,24.12,44.7,25.76
31.03,24.07,44.95,25.73
31.01,24,45.14,25.73
30.99,23.93,45.28,25.74
30.97,23.87,45.27,25.74
30.95,23.81,45.34,25.73
30.92,23.76,45.28,25.69
30.89,23.7,45.32,25.65
30.87,23.64,45.45,25.59
30.83,23.58,45.34,25.55
30.8,23.53,45.36,25.51
30.76,23.47,45.44,25.5
30.72,23.41,45.39,25.48
30.67,23.37,45.43,25.38
30.62,23.32,45.51,25.34
30.57,23.27,45.66,25.31
30.51,23.22,45.64,25.27
30.45,23.17,45.71,25.23
30.38,23.12,45.64,25.21
30.32,23.08,45.63,25.18
30.25,23.04,45.91,25.26
30.18,23,46.08,25.33
30.11,22.96,46.21,25.28
30.05,22.92,46.21,25.26
29.98,22.87,46.12,25.34
29.91,22.83,46.17,25.4
29.85,22.79,46.21,25.37
29.78,22.77,46.3,25.31
29.72,22.73,46.31,25.33
29.66,22.69,46.33,25.28
29.6,22.64,46.19,25.2
29.55,22.6,45.88,25.11
29.5,22.56,46.06,25.01
29.46,22.51,46.05,24.93
29.42,22.47,46.05,24.83
29.38,22.42,46.14,24.79
29.35,22.38,46.1,24.72
29.33,22.34,46.19,24.67
29.31,22.3,46.38,24.68
29.3,22.26,46.42,24.72
29.3,22.22,46.36,24.7
29.31,22.19,46.59,24.67
29.32,22.17,46.6,24.61
29.34,22.14,46.69,24.52
29.37,22.1,46.74,24.4
29.41,22.07,46.8,24.28
29.45,22.03,46.79,24.23
29.49,22,46.76,24.19
29.55,21.97,46.89,24.18
29.6,21.95,47.26,24.15
29.67,21.92,47.52,24.09
29.73,21.88,47.52,24.02
29.8,21.84,47.49,23.97
29.87,21.79,47.76,23.96
29.95,21.75,47.64,23.99
30.02,21.7,47.67,24.04
30.1,21.66,47.82,24.04
30.18,21.61,47.75,24.05
30.26,21.57,47.85,23.99
30.34,21.53,47.88,23.94
30.42,21.5,47.87,23.86
30.5,21.46,48.32,23.78
30.58,21.44,48.56,23.66
30.65,21.41,48.68,23.58
30.73,21.38,48.7,23.5
30.8,21.36,48.49,23.41
30.87,21.33,48.85,23.38
30.93,21.29,48.44,23.35
30.99,21.26,48.44,23.28
31.05,21.22,48.45,23.23
31.1,21.19,48.56,23.2
31.15,21.17,48.73,23.27
31.19,21.15,48.63,23.32
31.23,21.13,48.58,23.3
31.27,21.11,48.66,23.24
31.31,21.07,48.81,23.2
31.35,21.04,49.06,23.13
31.38,21.01,49.19,23.06
31.41,20.98,49.23,23.02
31.45,20.96,49.28,22.98
31.48,20.93,49.2,22.96
31.51,20.9,49.22,22.9
31.54,20.86,49.45,22.84
31.57,20.83,49.48,22.75
31.59,20.81,49.65,22.66
31.62,20.79,49.68,22.55
31.65,20.75,49.62,22.47
31.68,20.7,49.82,22.4
31.71,20.65,49.86,22.33
31.74,20.59,49.89,22.3
31.77,20.54,49.92,22.25
31.81,20.51,50.17,22.18
31.84,20.49,50.22,22.09
31.88,20.45,50.17,22.05
31.92,20.41,50.33,22.01
31.96,20.37,50.29,22
32,20.34,50.38,21.96
32.05,20.31,50.39,21.92
32.09,20.28,50.47,21.87
32.15,20.25,50.66,21.85
32.2,20.22,50.7,21.83
32.26,20.19,50.68,21.78
32.33,20.17,50.82,21.73
32.4,20.13,50.84,21.72
32.48,20.11,50.87,21.66
32.56,20.08,50.96,21.61
32.65,20.05,51.04,21.56
32.75,20.02,51.2,21.52
32.85,20,51.22,21.45
32.95,19.97,51.38,21.39
33.05,19.93,51.68,21.34
33.16,19.9,51.61,21.28
33.27,19.87,51.6,21.23
33.38,19.84,51.94,21.19
33.5,19.81,51.96,21.15
33.61,19.78,52.01,21.12
33.72,19.75,52.12,21.1
33.83,19.72,52.2,21.07
33.94,19.69,52.19,21.04
34.05,19.66,52.28,21
34.16,19.63,52.24,20.96
34.26,19.61,52.41,20.92
34.37,19.58,52.46,20.89
34.46,19.55,52.6,20.86
34.56,19.53,52.66,20.82
34.64,19.51,52.66,20.77
34.73,19.48,52.64,20.75
34.81,19.45,52.68,20.72
34.88,19.42,52.64,20.7
34.94,19.39,52.78,20.68
35,19.37,52.76,20.63
35.05,19.34,52.91,20.6
35.1,19.31,52.99,20.57
35.14,19.29,52.96,20.56
35.18,19.27,53.07,20.53
35.22,19.26,53.21,20.49
35.25,19.24,53.2,20.46
35.28,19.21,53.31,20.44
35.31,19.19,53.44,20.39
35.33,19.17,53.31,20.36
35.35,19.14,53.39,20.33
35.37,19.12,53.46,20.28
35.38,19.1,53.55,20.25
35.39,19.08,53.7,20.21
35.39,19.05,53.88,20.18
35.39,19.03,53.89,20.14
35.39,19,53.94,20.12
35.38,18.98,53.97,20.09
35.37,18.95,53.98,20.08
35.36,18.92,54.1,20.07
35.34,18.9,54.11,20.04
35.32,18.88,54.16,20.02
35.3,18.85,54.37,19.98
35.28,18.84,54.49,19.95
35.25,18.81,54.65,19.93
35.21,18.79,54.54,19.9
35.18,18.77,54.46,19.88
35.14,18.75,54.7,19.85
35.09,18.73,54.57,19.82
35.05,18.7,54.66,19.81
35,18.68,54.75,19.78
34.94,18.66,54.71,19.75
34.87,18.64,54.77,19.73
34.79,18.62,54.85,19.71
34.7,18.61,54.79,19.7
34.6,18.6,54.89,19.69
34.49,18.61,55.16,19.66
34.38,18.61,55.31,19.65
34.25,18.62,55.18,19.62
34.12,18.63,55.39,19.58
33.99,18.62,55.63,19.58
33.85,18.61,55.91,19.58
33.71,18.6,55.92,19.57
33.57,18.6,56.09,19.55
33.42,18.59,56.04,19.56
33.28,18.58,56.1,19.55
33.14,18.57,56.1,19.55
32.99,18.56,56.17,19.55
32.85,18.57,56.15,19.52
32.72,18.57,56,19.52
32.58,18.57,56.05,19.52
32.46,18.58,56.12,19.51
32.34,18.58,56.18,19.52
32.22,18.59,56.14,19.53
32.12,18.59,56.14,19.55
32.02,18.6,56.21,19.57
31.93,18.6,56.28,19.6
31.86,18.6,56.25,19.62
31.79,18.62,56.3,19.62
31.74,18.63,56.27,19.65
31.7,18.64,56.32,19.66
31,21.71,43.66,22.77
31.03,21.74,43.53,22.76
31.07,21.76,44.22,22.77
31.11,21.78,44.58,22.79
31.15,21.8,44.87,22.83
31.2,21.82,45.22,22.84
31.24,21.85,45.18,22.84
31.3,21.87,45.39,22.86
31.35,21.89,45.21,22.85
31.4,21.92,45.09,22.85
31.46,21.94,45.23,22.88
31.52,21.97,45.03,22.87
31.58,21.98,45.06,22.91
31.64,22,45.11,22.93
31.69,22.02,45.18,22.96
31.75,22.05,45.08,22.96
31.81,22.07,44.81,23
31.86,22.11,45.24,23.01
31.92,22.13,45.5,23.05
31.97,22.16,45.52,23.06
32.02,22.17,45.53,23.11
32.07,22.2,45.57,23.13
32.11,22.22,45.41,23.17
32.15,22.24,45.77,23.22
32.19,22.26,45.96,23.24
32.22,22.29,46.32,23.27
32.24,22.3,46.3,23.32
32.27,22.31,46.48,23.39
32.28,22.33,46.47,23.43
32.3,22.34,46.29,23.47
32.3,22.37,46.33,23.51
32.3,22.4,46.23,23.53
32.29,22.43,46.13,23.57
32.28,22.45,46.09,23.6
32.26,22.47,46.08,23.64
32.24,22.5,46.06,23.67
32.21,22.53,46.05,23.68
32.18,22.54,46.11,23.73
32.14,22.55,46.02,23.74
32.1,22.56,46.04,23.77
32.06,22.56,46.07,23.81
32.02,22.58,46.02,23.8
31.98,22.59,46.12,23.81
31.93,22.6,46.1,23.83
31.88,22.62,46.13,23.82
31.84,22.62,46.29,23.84
31.79,22.62,46.53,23.86
31.75,22.63,46.52,23.87
31.7,22.63,46.54,23.9
31.66,22.63,46.49,23.93
31.62,22.64,46.52,23.93
31.58,22.65,46.54,23.93
31.54,22.66,46.57,23.92
31.51,22.67,46.4,23.92
31.48,22.68,46.31,23.92
31.45,22.68,46.48,23.94
31.43,22.69,46.7,23.95
31.41,22.72,46.56,23.93
31.4,22.72,46.71,23.94
31.4,22.74,46.52,23.93
31.4,22.75,46.55,23.94
31.41,22.77,46.67,23.95
31.41,22.77,46.77,23.97
31.42,22.77,46.69,23.98
31.43,22.77,46.72,23.99
31.43,22.78,46.85,23.99
31.44,22.8,46.76,23.97
31.45,22.81,47.35,23.97
31.46,22.81,47.59,23.98
31.47,22.81,47.64,23.99
31.48,22.81,47.77,24
31.49,22.8,47.95,24.03
31.5,22.81,48.1,24.02
31.51,22.81,48.13,24.03
31.53,22.81,48.1,24.04
31.54,22.81,48.06,24.07
31.55,22.81,48.14,24.09
31.56,22.81,47.94,24.11
31.57,22.81,47.9,24.12
31.59,22.8,47.96,24.15
31.6,22.8,47.83,24.17
31.61,22.81,47.93,24.18
31.62,22.81,47.96,24.21
31.63,22.81,47.92,24.24
31.64,22.81,47.93,24.26
31.65,22.83,47.76,24.27
31.66,22.84,47.79,24.32
31.67,22.86,47.76,24.32
31.68,22.88,47.6,24.35
31.69,22.91,47.45,24.36
31.7,22.95,47.35,24.37
31.71,22.98,47.29,24.38
31.72,23.02,47.27,24.39
31.72,23.05,47.21,24.42
31.73,23.08,47.2,24.45
31.73,23.11,47.19,24.49
31.74,23.14,47.2,24.51
31.75,23.17,47.15,24.55
31.75,23.2,47.09,24.6
31.76,23.23,46.96,24.65
31.76,23.27,46.99,24.69
31.77,23.32,46.87,24.71
31.77,23.36,46.83,24.76
31.78,23.41,46.81,24.78
31.78,23.44,46.92,24.84
31.78,23.5,46.96,24.86
31.79,23.55,46.75,24.91
31.79,23.6,46.88,24.95
31.8,23.65,46.94,24.98
31.81,23.7,46.76,25.02
31.81,23.75,46.81,25.05
31.82,23.81,46.85,25.06
31.82,23.86,46.88,25.11
31.83,23.91,46.83,25.16
31.84,23.95,46.85,25.21
31.85,23.99,46.83,25.24
31.86,24.01,46.65,25.3
31.87,24.04,46.46,25.39
31.88,24.07,46.49,25.46
31.89,24.11,46.73,25.51
31.9,24.15,46.61,25.56
31.91,24.18,46.62,25.61
31.93,24.21,46.59,25.66
31.95,24.23,46.71,25.72
31.97,24.26,46.48,25.78
31.99,24.29,46.47,25.82
32.02,24.31,46.23,25.88
32.05,24.35,46.13,25.91
32.07,24.39,46.06,25.95
32.11,24.42,45.8,26.07
32.14,24.47,45.62,26.16
32.17,24.5,45.66,26.23
32.2,24.53,45.69,26.26
32.24,24.56,45.72,26.29
32.27,24.6,45.84,26.29
32.31,24.63,45.83,26.32
32.35,24.66,45.75,26.37
32.38,24.7,45.55,26.46
32.42,24.73,45.43,26.58
32.46,24.77,45.69,26.66
32.49,24.79,45.81,26.7
32.53,24.82,45.59,26.72
32.56,24.86,45.78,26.71
32.6,24.89,45.84,26.72
32.63,24.92,45.68,26.74
32.66,24.96,45.75,26.75
32.69,24.99,45.73,26.75
32.72,25.02,45.69,26.78
32.75,25.05,45.42,26.82
32.78,25.07,45.28,26.91
32.8,25.09,45.12,27
32.82,25.1,45.05,27.07
32.84,25.11,45.06,27.08
32.86,25.11,45.15,27.09
32.88,25.12,45.05,27.06
32.9,25.11,44.87,27.05
32.92,25.09,44.9,27.05
32.94,25.07,44.71,27.02
32.95,25.06,44.92,27
32.97,25.07,45.46,26.96
32.98,25.06,45.62,26.95
33,25.06,45.59,26.94
33.01,25.06,45.64,26.95
33.03,25.06,45.71,26.97
33.04,25.07,45.63,27.01
33.05,25.08,45.37,27.07
33.07,25.1,45.47,27.11
33.08,25.11,45.48,27.15
33.1,25.12,45.51,27.14
33.11,25.12,45.56,27.14
33.12,25.13,45.66,27.12
33.14,25.14,45.49,27.1
33.15,25.15,45.68,27.09
33.17,25.16,45.92,27.1
33.19,25.18,45.86,27.14
33.2,25.2,45.68,27.17
33.22,25.2,45.62,27.23
33.24,25.21,45.88,27.24
33.26,25.22,45.88,27.22
33.28,25.23,45.19,27.19
33.3,25.23,45.03,27.18
33.32,25.23,44.94,27.17
33.35,25.23,44.9,27.16
33.38,25.25,44.88,27.13
33.41,25.26,44.91,27.12
33.44,25.3,45.05,27.08
33.48,25.34,45.14,27.05
33.52,25.37,45.19,27.02
33.55,25.38,45.1,27.03
33.59,25.37,45.08,27.06
33.63,25.36,45.2,27.1
33.67,25.36,45.13,27.1
33.71,25.37,45.11,27.1
33.75,25.38,45.05,27.09
33.8,25.4,45.14,27.06
33.84,25.43,45.32,27.02
33.87,25.44,45.3,27.01
33.91,25.45,45.39,27
33.95,25.46,45.41,27.01
33.99,25.48,45.36,27.04
34.02,25.5,45.17,27.07
34.05,25.53,45,27.11
34.08,25.54,45.06,27.14
34.11,25.57,45.15,27.12
34.13,25.59,45.61,27.12
34.15,25.62,45.73,27.09
34.17,25.64,45.56,27.06
34.18,25.65,45.43,27.05
34.19,25.66,45.28,27.06
34.2,25.67,45.18,27.11
34.2,25.67,44.92,27.16
34.2,25.66,45.2,27.2
34.19,25.65,45.64,27.2
34.18,25.63,45.89,27.19
34.17,25.61,45.71,27.14
34.16,25.58,45.48,27.11
34.14,25.55,45.5,27.08
34.12,25.51,45.95,27.05
34.1,25.47,45.96,27.08
34.08,25.44,45.92,27.11
34.06,25.4,45.94,27.16
34.03,25.36,45.51,27.16
34.01,25.3,45.69,27.13
33.98,25.25,45.72,27.09
33.95,25.2,45.72,27.04
33.92,25.15,45.66,26.99
33.89,25.1,45.65,26.93
33.86,25.06,45.84,26.88
33.83,25.01,45.28,26.84
33.8,24.96,45.61,26.83
33.77,24.91,45.78,26.85
33.74,24.87,45.7,26.85
33.71,24.82,45.3,26.84
33.68,24.76,45.2,26.81
33.65,24.71,45.1,26.76
33.62,24.65,45.12,26.72
33.59,24.6,45.04,26.68
33.57,24.55,45.03,26.62
33.54,24.5,45.07,26.58
33.52,24.45,45.09,26.55
33.5,24.4,45.03,26.57
33.48,24.36,45.22,26.58
33.46,24.32,45.35,26.58
33.44,24.27,45.5,26.57
33.43,24.23,45.4,26.5
33.41,24.19,45.55,26.41
33.39,24.14,45.56,26.33
33.38,24.09,45.54,26.25
33.36,24.03,45.55,26.19
33.35,23.98,45.52,26.11
33.33,23.93,45.59,26.05
33.32,23.89,45.67,26.04
33.31,23.84,45.71,26.06
33.29,23.8,45.78,26.04
33.28,23.76,45.8,25.99
33.26,23.72,45.92,25.93
33.25,23.67,46.04,25.87
33.23,23.62,46.11,25.82
33.22,23.57,46.11,25.77
33.2,23.52,46.14,25.72
33.19,23.48,46.24,25.64
33.17,23.43,46.99,25.58
33.16,23.39,46.46,25.48
33.14,23.33,46.32,25.38
33.12,23.28,46.34,25.29
33.1,23.24,46.47,25.22
33.08,23.2,47.07,25.18
33.06,23.17,47.18,25.14
33.04,23.13,47.22,25.1
33.02,23.09,46.82,25.06
33,23.06,46.84,24.99
32.98,23.04,47.24,24.91
32.95,23.01,47.31,24.86
32.91,22.99,47.05,24.78
32.88,22.97,47.13,24.72
32.84,22.93,47.06,24.7
32.8,22.89,47.3,24.68
32.76,22.85,47.37,24.64
32.72,22.82,47.45,24.57
32.67,22.81,47.51,24.52
32.62,22.78,47.51,24.56
32.58,22.75,47.57,24.67
32.53,22.7,47.7,24.75
32.48,22.65,47.77,24.75
32.43,22.59,47.85,24.73
32.38,22.55,47.83,24.68
32.33,22.51,47.9,24.71
32.29,22.48,47.98,24.7
32.24,22.47,47.96,24.59
32.2,22.44,47.81,24.5
32.16,22.39,47.9,24.47
32.12,22.34,47.94,24.46
32.08,22.29,48.03,24.43
32.04,22.25,48.09,24.38
32.01,22.21,48.22,24.32
31.98,22.17,48.48,24.27
31.96,22.12,48.38,24.23
31.94,22.07,48.55,24.18
31.92,22.02,48.46,24.14
31.91,21.98,48.44,24.08
31.9,21.94,48.57,24.04
31.9,21.91,48.8,23.99
31.89,21.88,48.72,23.94
31.89,21.87,48.55,23.89
31.89,21.85,48.7,23.86
31.89,21.82,48.68,23.87
31.89,21.79,48.69,23.92
31.89,21.77,48.76,23.96
31.9,21.75,48.55,23.95
31.9,21.71,48.59,23.93
31.91,21.68,48.62,23.87
31.91,21.63,48.61,23.86
31.92,21.58,48.8,23.87
31.93,21.54,48.84,23.84
31.93,21.51,48.82,23.79
31.94,21.49,48.85,23.75
31.95,21.47,48.95,23.68
31.96,21.45,49.11,23.62
31.99,21.35,49.5,23.49
32,21.32,49.46,23.45
32.01,21.29,49.6,23.42
32.02,21.26,49.68,23.39
32.03,21.25,49.76,23.35
32.05,21.24,49.59,23.34
32.06,21.21,49.56,23.33
32.07,21.17,49.73,23.32
32.08,21.13,49.81,23.31
32.09,21.09,49.91,23.28
32.1,21.06,49.89,23.22
32.11,21.04,49.87,23.17
32.12,21.03,49.94,23.17
32.14,21,50.11,23.18
32.15,20.98,50.3,23.14
32.17,20.96,50.35,23.05
32.18,20.93,50.45,22.98
32.2,20.89,50.5,22.9
32.22,20.87,50.53,22.81
32.23,20.84,50.62,22.74
32.25,20.81,50.69,22.69
32.27,20.78,50.66,22.64
32.29,20.75,50.71,22.59
32.3,20.72,50.84,22.55
32.32,20.69,50.91,22.5
32.34,20.66,50.92,22.47
32.36,20.62,51.07,22.44
32.37,20.6,51.21,22.39
32.39,20.59,51.15,22.31
32.4,20.57,51.13,22.26
32.42,20.55,51.3,22.21
32.43,20.52,51.11,22.2
32.45,20.49,51.01,22.19
32.46,20.46,50.9,22.17
32.47,20.45,50.89,22.15
32.48,20.44,50.91,22.12
32.48,20.43,51.23,22.09
32.49,20.42,51.33,22.05
32.5,20.4,51.46,22.03
32.5,20.37,51.55,22.02
32.5,20.35,51.45,21.99
32.5,20.32,51.64,21.97
32.49,20.31,51.77,21.91
32.49,20.29,51.69,21.86
32.48,20.26,51.76,21.84
32.46,20.23,51.9,21.82
32.45,20.19,51.92,21.82
32.43,20.15,52.06,21.81
32.41,20.12,52.03,21.79
32.39,20.1,51.89,21.74
32.36,20.08,51.88,21.7
32.34,20.06,51.94,21.67
32.31,20.02,52.04,21.65
32.28,19.99,52.08,21.62
32.25,19.97,52.24,21.59
32.22,19.94,52.27,21.58
32.19,19.92,52.32,21.55
32.16,19.91,52.37,21.53
32.13,19.89,52.45,21.52
32.1,19.86,52.5,21.53
32.07,19.84,52.56,21.54
32.04,19.82,52.38,21.57
32.01,19.81,52.44,21.64
31.98,19.8,52.26,21.66
31.95,19.78,52.2,21.61
31.92,19.75,52.25,21.56
31.89,19.72,52.33,21.52
31.87,19.68,52.44,21.51
31.84,19.65,52.37,21.49
31.82,19.64,52.16,21.51
31.8,19.63,52.23,21.52
31.78,19.6,52.2,21.49
31.77,19.57,52.3,21.45
31.75,19.55,52.47,21.4
31.74,19.53,52.51,21.34
31.73,19.5,52.41,21.31
31.72,19.47,52.62,21.27
31.71,19.45,52.62,21.22
31.7,19.42,52.69,21.17
31.69,19.39,52.81,21.14
31.69,19.37,52.9,21.08
31.68,19.34,53.1,21.04
31.68,19.32,53.12,20.98
31.67,19.31,53.23,20.92
31.67,19.3,53.22,20.85
31.66,19.27,53.32,20.84
31.66,19.26,53.49,20.8
31.65,19.25,53.47,20.77
31.65,19.24,53.49,20.73
31.64,19.23,53.65,20.7
31.64,19.22,53.76,20.69
31.63,19.21,53.87,20.66
31.62,19.19,53.96,20.65
31.61,19.16,53.97,20.65
31.6,19.14,53.91,20.65
31.59,19.12,53.92,20.64
31.57,19.12,54.13,20.62
31.56,19.09,54.18,20.64
31.54,19.07,54.11,20.62
31.52,19.04,54.13,20.61
31.5,19.02,54.2,20.56
31.47,19,54.27,20.52
31.44,18.98,54.32,20.52
31.4,18.97,54.42,20.5
31.35,18.97,54.67,20.47
31.3,18.96,54.77,20.46
31.24,18.96,54.93,20.43
31.17,18.97,54.94,20.38
31.11,18.97,55.05,20.36
31.03,18.96,55.13,20.32
30.96,18.93,55.25,20.3
30.88,18.91,55.48,20.25
30.8,18.89,55.43,20.19
30.72,18.88,55.48,20.13
30.63,18.87,55.49,20.07
30.55,18.85,55.55,20.06
30.47,18.82,55.63,20.06
30.38,18.8,55.65,20.06
30.3,18.79,55.89,20.05
30.22,18.78,56.16,20.05
30.14,18.77,56.24,20.03
30.07,18.75,56.29,20
30,18.71,56.4,19.99
29.93,18.68,56.53,19.94
29.86,18.65,56.41,19.9
29.8,18.62,56.33,19.86
29.75,18.6,56.46,19.85
29.7,18.57,56.49,19.86
29.66,18.54,56.42,19.87
29.63,18.52,56.42,19.86
29.6,18.49,56.49,19.86
31.8,22.15,39.8,22.94
31.77,22.21,40.22,23.01
31.75,22.26,40.23,23.08
31.72,22.3,40.12,23.16
31.69,22.33,40.16,23.25
31.65,22.36,40.3,23.31
31.62,22.39,40.73,23.34
31.58,22.43,40.89,23.35
31.54,22.47,41.16,23.37
31.51,22.49,41.4,23.41
31.47,22.52,41.3,23.42
31.43,22.53,41.43,23.43
31.39,22.55,41.65,23.44
31.35,22.56,41.86,23.45
31.3,22.57,41.75,23.45
31.26,22.58,41.74,23.46
31.22,22.58,41.93,23.5
31.18,22.58,42.67,23.53
31.14,22.59,42.68,23.55
31.1,22.61,42.41,23.55
31.05,22.62,42.34,23.57
31.01,22.63,42.27,23.59
30.97,22.63,42.33,23.6
30.94,22.63,42.3,23.62
30.9,22.63,42.35,23.62
30.86,22.63,42.48,23.64
30.83,22.64,42.39,23.63
30.79,22.64,42.42,23.63
30.76,22.64,42.66,23.65
30.73,22.65,42.56,23.64
30.7,22.66,42.59,23.66
30.67,22.67,42.66,23.66
30.65,22.67,42.74,23.68
30.62,22.68,43.2,23.68
30.59,22.71,43.13,23.66
30.57,22.72,42.89,23.68
30.54,22.73,42.9,23.69
30.52,22.74,42.82,23.7
30.5,22.76,42.77,23.72
30.47,22.78,42.85,23.73
30.45,22.81,42.9,23.73
30.43,22.83,42.91,23.76
30.4,22.86,42.99,23.79
30.38,22.89,42.85,23.83
30.36,22.9,42.92,23.9
30.34,22.92,42.89,23.96
30.31,22.94,43.16,23.98
30.29,22.97,43.01,23.98
30.27,22.99,42.88,23.98
30.25,23,42.92,23.99
30.23,23.03,44.29,23.98
30.21,23.06,44.1,23.98
30.18,23.09,43.61,23.98
30.16,23.13,43.18,23.99
30.14,23.16,42.95,24
30.12,23.19,42.94,24.02
30.09,23.23,42.88,24.01
30.07,23.26,42.86,24.04
30.05,23.28,42.94,24.07
30.02,23.31,42.9,24.09
30,23.35,43.06,24.09
29.97,23.39,42.94,24.1
29.95,23.42,42.8,24.14
29.92,23.46,42.95,24.18
29.89,23.5,42.8,24.22
29.86,23.54,42.82,24.26
29.83,23.57,42.87,24.31
29.8,23.6,42.92,24.36
29.77,23.62,43.16,24.41
29.74,23.65,43.03,24.45
29.7,23.67,42.92,24.5
29.67,23.69,42.79,24.55
29.64,23.73,42.91,24.56
29.6,23.76,42.99,24.6
29.57,23.79,43.15,24.63
29.54,23.82,43.14,24.67
29.51,23.85,43.03,24.71
29.48,23.89,43.14,24.76
29.45,23.93,43.26,24.78
29.42,23.96,43.09,24.83
29.39,23.98,43.07,24.87
29.36,24.01,43.01,24.9
29.34,24.03,42.98,24.96
29.31,24.06,42.6,24.99
29.29,24.09,42.33,25.01
29.27,24.13,42.69,25
29.25,24.17,42.79,24.99
29.24,24.19,42.05,25.02
29.22,24.22,42.21,25.03
29.21,24.24,42.46,25.07
29.2,24.27,42.76,25.11
29.2,24.31,42.93,25.15
29.21,24.35,43.2,25.2
29.24,24.39,43.12,25.24
29.28,24.43,43.02,25.3
29.32,24.46,42.52,25.36
29.38,24.5,43.08,25.43
29.45,24.55,43.16,25.47
29.52,24.6,42.55,25.51
29.61,24.65,42.2,25.55
29.69,24.69,42.22,25.59
29.79,24.73,42.71,25.63
29.88,24.77,42.8,25.67
29.98,24.81,43.01,25.71
30.09,24.84,43.11,25.75
30.19,24.88,42.89,25.79
30.29,24.91,43.08,25.85
30.4,24.95,42.97,25.89
30.5,24.98,42.65,25.93
30.59,25.01,42.17,25.97
30.69,25.04,41.96,26.01
30.78,25.08,42.04,26.03
30.86,25.11,42.76,26.07
30.94,25.14,42.52,26.1
31.01,25.17,42.03,26.13
31.07,25.2,41.82,26.17
31.12,25.24,42.4,26.2
31.16,25.27,43,26.24
31.18,25.31,42.18,26.26
31.2,25.35,41.85,26.27
31.2,25.38,41.91,26.29
31.19,25.4,41.96,26.34
31.18,25.42,41.88,26.36
31.17,25.44,42.03,26.37
31.15,25.46,42.11,26.37
31.13,25.46,42.15,26.38
31.1,25.48,42.4,26.36
31.07,25.48,43.45,26.37
31.05,25.47,43.78,26.36
31.01,25.46,42.89,26.33
30.98,25.44,42.85,26.32
30.95,25.41,42.9,26.31
30.91,25.39,43.02,26.29
30.87,25.38,43.1,26.28
30.83,25.38,42.94,26.26
30.79,25.38,42.04,26.24
30.76,25.39,42.04,26.24
30.72,25.39,42.48,26.26
30.68,25.41,42.48,26.26
30.64,25.43,42.3,26.31
30.6,25.45,42.56,26.33
30.56,25.48,42.73,26.36
30.52,25.49,42.36,26.39
30.49,25.48,42.61,26.44
30.46,25.45,42.45,26.49
30.42,25.43,42.6,26.49
30.39,25.4,42.34,26.5
30.37,25.37,42.19,26.52
30.34,25.35,42.12,26.52
30.32,25.35,42.19,26.5
30.3,25.31,42.12,26.5
30.28,25.3,42.48,26.47
30.27,25.3,42.51,26.42
30.25,25.28,43.64,26.41
30.24,25.26,43.79,26.37
30.22,25.24,43.14,26.35
30.21,25.2,42.16,26.33
30.2,25.17,42.07,26.31
30.19,25.12,42.01,26.31
30.13,24.92,42.68,26.2
30.12,24.89,42.71,26.18
30.11,24.85,42.86,26.14
30.1,24.8,43,26.16
30.09,24.76,43.02,26.13
30.08,24.72,43.23,26.1
30.07,24.68,43.48,26.07
30.05,24.63,43.14,26.07
30.04,24.59,42.87,26.03
30.03,24.54,42.97,26.01
30.02,24.5,43.12,25.98
30,24.46,43.12,25.94
29.99,24.41,43.09,25.92
29.97,24.37,43.23,25.88
29.96,24.33,43.07,25.83
29.94,24.29,43.16,25.8
29.92,24.25,43.51,25.76
29.9,24.21,43.32,25.73
29.88,24.17,43.3,25.7
29.86,24.14,43.74,25.65
29.83,24.1,43.7,25.62
29.8,24.05,43.34,25.57
29.77,24,43.6,25.5
29.74,23.94,43.08,25.43
29.71,23.89,43,25.35
29.68,23.82,43.21,25.3
29.65,23.77,43.23,25.21
29.61,23.72,43.05,25.12
29.58,23.67,43.04,25.04
29.54,23.62,43.45,24.94
29.51,23.57,43.47,24.88
29.47,23.51,43.35,24.82
29.43,23.44,43.25,24.79
29.4,23.37,43.19,24.76
29.36,23.32,43.34,24.69
29.33,23.26,43.3,24.65
29.29,23.22,43.26,24.58
29.26,23.17,43.14,24.52
29.23,23.12,43.23,24.45
29.2,23.07,43.17,24.39
29.17,23.02,43.23,24.32
29.14,22.98,43.48,24.24
29.11,22.94,43.55,24.15
29.08,22.89,43.58,24.09
29.06,22.83,43.49,24.06
29.04,22.78,42.85,24.02
29.02,22.74,43.01,23.98
29,22.7,43.47,23.97
28.99,22.67,43.68,23.98
28.98,22.63,43.57,23.99
28.98,22.61,43.67,23.98
28.99,22.58,44.02,23.96
29,22.54,43.95,23.96
29.01,22.51,44.08,23.95
29.03,22.48,44.1,23.93
29.06,22.45,44.21,23.9
29.08,22.42,44.23,23.89
29.11,22.38,44.14,23.86
29.15,22.35,44.06,23.81
29.18,22.31,44.11,23.78
29.22,22.28,43.97,23.72
29.25,22.22,44.05,23.68
29.29,22.17,44.12,23.62
29.33,22.12,44.02,23.57
29.36,22.08,43.91,23.51
29.4,22.04,44.03,23.47
29.44,22.01,44.05,23.42
29.47,21.98,44.07,23.39
29.5,21.95,44.09,23.35
29.53,21.92,44.21,23.33
29.55,21.9,44.19,23.29
29.57,21.88,44.21,23.25
29.59,21.84,44.31,23.24
29.6,21.82,44.35,23.18
29.61,21.79,44.41,23.14
29.61,21.76,44.43,23.12
29.61,21.73,44.47,23.08
29.6,21.7,44.57,23.06
29.58,21.67,44.66,23.04
29.56,21.64,44.64,23.02
29.53,21.61,44.55,23
29.49,21.58,44.4,22.98
29.44,21.54,44.69,22.95
29.39,21.49,44.86,22.93
29.34,21.45,45,22.88
29.28,21.4,44.7,22.85
29.22,21.37,44.59,22.81
29.15,21.36,44.68,22.75
29.08,21.33,44.81,22.73
29.01,21.31,44.97,22.69
28.93,21.3,45.01,22.64
28.85,21.26,44.93,22.64
28.78,21.24,44.95,22.63
28.7,21.2,45.32,22.62
28.62,21.17,45.8,22.61
28.54,21.16,45.83,22.56
28.46,21.14,46.56,22.56
28.39,21.11,46.52,22.52
28.31,21.08,45.53,22.51
28.24,21.06,45.74,22.46
28.17,21.03,45.65,22.44
28.1,21.02,45.25,22.38
28.04,21,45.28,22.37
27.98,20.98,45.22,22.34
27.93,20.95,45.24,22.35
27.88,20.92,45.25,22.34
27.84,20.89,45.25,22.34
27.8,20.86,45.3,22.34
27.77,20.83,45.36,22.32
27.73,20.81,45.35,22.28
27.7,20.8,45.36,22.24
27.67,20.79,45.47,22.2
27.64,20.75,45.62,22.2
27.61,20.72,45.64,22.17
27.58,20.7,45.69,22.12
27.56,20.67,45.74,22.1
27.53,20.64,45.7,22.08
27.5,20.62,45.74,22.04
27.48,20.59,45.92,22.03
27.45,20.56,46.47,22.01
27.42,20.54,46.01,21.98
27.4,20.51,45.78,21.95
27.37,20.49,46.11,21.92
27.35,20.46,46.43,21.91
27.32,20.43,46.6,21.88
27.3,20.41,46.23,21.85
27.28,20.39,46.59,21.81
27.25,20.36,46.54,21.79
27.23,20.33,46.57,21.76
27.2,20.32,46.07,21.71
27.18,20.31,45.94,21.68
27.15,20.29,46.05,21.66
27.13,20.27,46.08,21.64
27.1,20.26,46.11,21.62
27.08,20.24,46.28,21.61
27.05,20.23,46.59,21.66
27.03,20.22,46.49,21.73
27,20.21,46.53,21.77
26.97,20.2,46.69,21.75
26.94,20.19,46.55,21.74
26.91,20.18,46.84,21.71
26.88,20.17,46.72,21.64
26.85,20.15,46.6,21.57
26.81,20.12,46.94,21.51
26.78,20.09,47.13,21.43
26.74,20.05,47.04,21.37
26.71,20.01,46.83,21.32
26.67,19.98,47.13,21.24
26.64,19.95,47.18,21.18
26.6,19.92,47.09,21.13
26.57,19.9,47.24,21.1
26.53,19.89,46.95,21.08
26.5,19.89,47.37,21.04
26.47,19.87,46.79,21.04
26.44,19.86,46.93,21.04
26.4,19.84,46.79,21.03
26.38,19.82,46.75,21.08
26.35,19.8,46.79,21.16
26.32,19.79,46.67,21.23
26.3,19.78,46.67,21.28
26.28,19.75,46.59,21.34
26.26,19.74,46.65,21.38
26.24,19.73,46.58,21.39
26.23,19.7,46.61,21.44
26.22,19.66,46.59,21.49
26.21,19.65,46.94,21.47
26.2,19.64,46.62,21.4
26.2,19.65,46.81,21.31
26.2,19.65,46.91,21.24
26.2,19.65,46.68,21.17
26.21,19.65,46.86,21.11
26.21,19.63,47.33,21.07
26.22,19.62,47.6,21.02
26.22,19.61,47.6,20.98
26.23,19.62,46.91,20.92
26.24,19.62,47.5,20.86
26.25,19.62,47.78,20.81
26.26,19.61,47.78,20.76
26.27,19.59,47.82,20.75
26.28,19.57,47.68,20.73
26.29,19.55,47.5,20.7
26.3,19.53,47.55,20.71
26.31,19.51,47.49,20.7
26.33,19.48,47.5,20.7
26.34,19.46,47.53,20.69
26.35,19.45,47.43,20.67
26.36,19.43,47.6,20.67
26.38,19.43,47.77,20.65
26.39,19.43,47.76,20.63
26.4,19.42,47.79,20.64
26.42,19.41,47.8,20.64
26.43,19.4,47.8,20.62
26.44,19.39,47.86,20.59
26.46,19.38,47.96,20.57
26.47,19.36,47.93,20.55
26.48,19.36,48.2,20.5
26.49,19.35,48.33,20.48
26.5,19.34,48.25,20.47
26.51,19.32,48.16,20.49
26.52,19.31,48.05,20.47
26.53,19.29,47.94,20.47
26.54,19.28,48.06,20.46
26.55,19.26,48.03,20.44
26.57,19.26,48.1,20.4
26.58,19.24,48.36,20.38
26.59,19.21,48.3,20.37
26.6,19.17,48.45,20.38
26.61,19.14,48.67,20.36
26.63,19.12,48.72,20.34
26.64,19.12,48.6,20.28
26.65,19.12,48.63,20.25
26.66,19.11,48.59,20.22
26.68,19.09,48.57,20.2
26.69,19.08,48.68,20.17
26.7,19.08,48.79,20.1
26.71,19.07,48.81,20.07
26.72,19.04,48.96,20.05
26.73,19.02,49.12,20.03
26.74,19,49.15,20.01
26.75,18.98,49.09,19.99
26.76,18.96,49.17,19.98
26.77,18.96,49.48,19.94
26.77,18.94,49.36,19.93
26.78,18.93,49.15,19.91
26.79,18.92,49.43,19.89
26.79,18.91,49.33,19.87
26.8,18.9,49.55,19.87
26.8,18.89,49.89,19.88
26.8,18.89,50.29,19.88
26.79,18.91,50.09,19.86
26.77,18.93,49.92,19.84
26.75,18.94,49.92,19.84
26.72,18.95,49.81,19.84
26.69,18.95,49.72,19.81
26.65,18.93,49.49,19.79
26.6,18.92,49.42,19.74
26.55,18.89,49.3,19.77
26.5,18.87,49.14,19.79
26.45,18.84,49.32,19.81
26.39,18.82,49.25,19.81
26.33,18.8,49.26,19.81
26.27,18.79,49.13,19.81
26.21,18.8,49.08,19.8
26.15,18.81,48.86,19.8
26.09,18.84,48.79,19.79
26.03,18.89,48.71,19.76
25.97,18.92,48.65,19.78
25.92,18.97,48.7,19.78
25.86,19.01,48.55,19.8
25.81,19.06,48.76,19.81
25.77,19.11,48.84,19.86
25.73,19.16,48.72,19.94
25.69,19.24,48.63,19.99
25.66,19.32,48.53,20.04
25.63,19.4,48.53,20.08
25.61,19.48,48.48,20.12
25.6,19.55,48.42,20.17
25.6,19.62,48.68,20.24
25.6,19.7,48.57,20.27
25.6,19.78,48.62,20.3
25.61,19.86,48.83,20.34
25.61,19.92,48.84,20.41
25.62,19.98,48.66,20.47
25.62,20.02,48.75,20.56
25.63,20.05,48.62,20.63
25.64,20.09,48.39,20.68
25.64,20.12,48.61,20.73
25.65,20.16,49.07,20.77
25.66,20.2,49.53,20.8
25.67,20.23,49.38,20.85
25.68,20.27,48.78,20.87
25.69,20.3,47.97,20.88
25.71,20.33,47.7,20.89
25.72,20.37,47.66,20.9
25.73,20.41,47.73,20.94
25.74,20.45,47.83,20.98
25.75,20.49,47.97,21.02
25.77,20.53,47.6,21.07
25.78,20.58,47.66,21.12
25.79,20.63,47.97,21.16
25.81,20.68,47.6,21.2
25.82,20.73,47.29,21.26
25.83,20.79,47.15,21.29
25.85,20.84,46.99,21.35
25.86,20.89,46.98,21.39
25.87,20.95,47.23,21.42
25.89,21,47.26,21.46
25.9,21.07,46.92,21.49
25.91,21.14,46.74,21.53
25.93,21.2,46.76,21.6
25.94,21.24,46.63,21.69
25.96,21.29,46.64,21.77
25.97,21.34,46.81,21.82
25.99,21.38,46.6,21.88
26,21.43,46.7,21.92
26.02,21.49,47.53,21.96
26.03,21.54,47.49,22
26.05,21.59,47.41,22.12
26.06,21.68,47.33,22.3
26.08,21.73,47.22,22.61
26.1,21.78,46.62,22.88
26.11,21.83,46.46,23.09
26.13,21.87,46.38,23.24
26.14,21.89,46.58,23.36
26.16,21.92,46.52,23.4
26.17,21.93,46.31,23.46
26.19,21.95,46.22,23.5
26.2,21.97,46.2,23.53
26.22,21.97,46.32,23.56
26.23,21.97,46.04,23.61
26.24,21.97,45.57,23.64
26.25,21.96,45.6,23.7
26.26,21.95,45.47,23.75
26.27,21.95,46.13,23.79
26.28,21.95,46.17,23.81
26.29,21.95,46.2,23.8
26.29,21.95,46.54,23.78
26.3,21.95,46.79,23.79
29.1,22.17,36.71,22.37
29.1,22.2,37.5,22.45
29.11,22.23,37.53,22.54
29.11,22.26,38.05,22.64
29.11,22.3,38.08,22.71
29.12,22.32,38.11,22.79
29.12,22.34,38.39,22.86
29.13,22.36,38.31,22.92
29.13,22.38,38.51,22.95
29.13,22.39,38.36,22.99
29.14,22.4,38.56,23.04
29.14,22.41,38.36,23.09
29.15,22.42,38.39,23.13
29.15,22.43,38.35,23.17
29.15,22.43,38.41,23.22
29.16,22.43,38.62,23.28
29.16,22.45,38.77,23.28
29.17,22.47,38.81,23.3
29.17,22.49,38.91,23.31
29.17,22.49,39.04,23.34
29.18,22.51,39.24,23.34
29.18,22.53,39.66,23.36
29.18,22.56,39.79,23.36
29.19,22.58,39.82,23.38
29.19,22.58,39.92,23.42
29.19,22.59,39.94,23.43
29.19,22.59,40.03,23.45
29.2,22.59,40.05,23.49
29.2,22.58,40.12,23.55
29.2,22.59,40.24,23.57
29.2,22.58,40.56,23.61
29.2,22.59,40.52,23.62
29.19,22.6,40.48,23.64
29.19,22.61,40.68,23.65
29.17,22.61,40.69,23.67
29.16,22.61,40.78,23.67
29.14,22.6,40.56,23.67
29.12,22.59,40.83,23.66
29.1,22.58,40.96,23.65
29.08,22.57,41.01,23.62
29.05,22.55,41.04,23.61
29.02,22.54,41.14,23.62
28.99,22.54,41.02,23.62
28.96,22.54,41.08,23.61
28.93,22.54,41.37,23.62
28.9,22.55,41.53,23.62
28.87,22.57,41.4,23.61
28.83,22.58,41.37,23.61
28.8,22.59,41.49,23.61
28.77,22.6,41.59,23.6
28.74,22.59,41.64,23.62
28.71,22.59,41.72,23.62
28.68,22.59,41.86,23.61
28.65,22.59,41.97,23.61
28.62,22.59,41.94,23.6
28.59,22.62,41.96,23.55
28.57,22.63,41.99,23.55
28.55,22.64,42.06,23.55
28.53,22.65,42.14,23.57
28.51,22.65,42.15,23.6
28.5,22.66,42.22,23.65
28.49,22.65,42.25,23.71
28.48,22.66,42.28,23.73
28.47,22.66,42.37,23.77
28.46,22.66,42.38,23.79
28.46,22.66,42.42,23.82
28.45,22.66,42.5,23.85
28.45,22.66,42.57,23.88
28.45,22.66,42.57,23.89
28.45,22.67,42.54,23.9
28.45,22.69,42.78,23.88
28.45,22.72,43.29,23.85
28.45,22.77,43.21,23.8
28.45,22.8,43.22,23.79
28.46,22.82,43.29,23.79
28.47,22.85,43.42,23.78
28.47,22.88,43.62,23.8
28.48,22.91,43.62,23.81
28.49,22.92,43.71,23.85
28.5,22.95,43.8,23.87
28.52,22.99,43.87,23.88
28.53,23.02,43.94,23.88
28.54,23.05,44,23.89
28.56,23.08,44.04,23.91
28.58,23.12,44.19,23.93
28.6,23.16,44.38,23.96
28.61,23.2,44.55,24.02
28.63,23.26,44.68,24.09
28.65,23.31,44.87,24.17
28.68,23.34,44.9,24.23
28.7,23.38,44.98,24.25
28.72,23.42,44.88,24.29
28.75,23.46,44.85,24.36
28.78,23.52,44.95,24.37
28.81,23.56,45.04,24.38
28.85,23.57,44.94,24.41
28.89,23.56,44.99,24.45
28.92,23.55,44.93,24.48
28.96,23.56,44.91,24.45
29,23.56,44.85,24.45
29.05,23.56,44.9,24.44
29.09,23.57,44.82,24.43
29.14,23.57,44.78,24.44
29.18,23.6,44.74,24.43
29.23,23.62,44.68,24.46
29.28,23.65,44.63,24.48
29.33,23.66,45.38,24.52
29.38,23.7,45.49,24.51
29.43,23.75,45.64,24.47
29.48,23.79,45.17,24.46
29.53,23.83,45.36,24.47
29.58,23.88,45.68,24.49
29.63,23.93,45.09,24.51
29.68,23.99,45.94,24.52
29.73,24.05,45.92,24.53
29.77,24.11,44.65,24.54
29.82,24.17,44.56,24.57
29.87,24.23,44.29,24.61
29.91,24.3,44.14,24.64
29.96,24.37,43.99,24.66
30,24.43,44.03,24.71
30.04,24.49,44,24.74
30.09,24.55,43.97,24.77
30.14,24.61,44.02,24.81
30.18,24.66,44.05,24.85
30.23,24.71,44.11,24.9
30.29,24.76,43.7,24.95
30.34,24.81,43.56,24.99
30.39,24.86,43.64,25.04
30.44,24.9,43.68,25.1
30.5,24.94,43.74,25.14
30.55,24.97,43.66,25.2
30.6,25.01,43.65,25.24
30.66,25.05,43.61,25.27
30.71,25.08,44.07,25.34
30.76,25.11,43.89,25.39
30.81,25.14,44.15,25.43
30.85,25.17,43.83,25.46
30.9,25.21,43.58,25.47
30.94,25.24,43.35,25.48
30.98,25.28,43.26,25.48
31.02,25.31,43.36,25.5
31.05,25.33,43.38,25.53
31.09,25.37,43.29,25.52
31.11,25.39,43.38,25.55
31.14,25.42,43.25,25.56
31.16,25.44,43.35,25.59
31.18,25.46,43.37,25.6
31.19,25.49,43.4,25.62
31.2,25.52,43.27,25.64
31.2,25.54,43.17,25.69
31.2,25.56,43.12,25.74
31.18,25.57,43.07,25.79
31.16,25.59,43.11,25.86
31.14,25.61,43.13,25.93
31.11,25.64,43.41,25.98
31.07,25.67,43.24,26
31.02,25.69,43.29,26.03
30.97,25.69,43.31,26.04
30.92,25.68,43.15,26.05
30.86,25.68,43.21,26.06
30.79,25.71,43.01,26.02
30.72,25.73,43.17,26
30.65,25.74,43.02,26
30.58,25.77,42.95,26.01
30.51,25.8,42.95,26.02
30.43,25.83,42.94,26.05
30.35,25.85,43.11,26.08
30.27,25.87,43.14,26.11
30.19,25.88,43.69,26.12
30.11,25.88,43.45,26.14
30.03,25.9,43.48,26.17
29.95,25.91,43.7,26.22
29.87,25.94,43.66,26.23
29.8,25.97,43.51,26.24
29.72,26,43.64,26.28
29.65,26.04,43.49,26.3
29.58,26.06,43.39,26.34
29.52,26.07,43.7,26.39
29.46,26.09,43.59,26.4
29.4,26.09,43.42,26.42
29.34,26.08,43.4,26.43
29.29,26.07,43.56,26.42
29.23,26.06,43.5,26.43
29.17,26.05,43.54,26.47
29.12,26.05,43.61,26.49
29.06,26.04,43.56,26.52
29,26.04,43.64,26.54
28.94,26.02,43.72,26.57
28.88,26.01,43.95,26.59
28.83,26.01,43.9,26.57
28.77,25.99,43.76,26.58
28.71,25.95,44.27,26.63
28.66,25.87,45.18,26.68
28.6,25.8,44.82,26.68
28.55,25.72,44.93,26.67
28.5,25.64,45,26.65
28.45,25.57,44.89,26.62
28.41,25.5,44.69,26.61
28.37,25.44,44.25,26.6
28.32,25.4,43.96,26.57
28.29,25.37,43.88,26.53
28.25,25.33,43.92,26.51
28.22,25.3,44.09,26.5
28.19,25.29,44.17,26.45
28.16,25.27,43.88,26.44
28.14,25.26,43.88,26.43
28.13,25.26,43.74,26.39
28.11,25.27,43.71,26.35
28.1,25.25,43.72,26.33
28.1,25.25,43.58,26.29
28.11,25.25,43.73,26.25
28.15,25.24,43.68,26.24
28.2,25.24,43.76,26.2
28.28,25.23,43.81,26.19
28.38,25.2,43.95,26.22
28.49,25.19,43.74,26.22
28.62,25.17,43.75,26.23
28.76,25.15,43.74,26.22
28.91,25.12,43.79,26.2
29.08,25.1,43.94,26.16
29.25,25.06,43.97,26.16
29.43,25.02,43.94,26.15
29.62,24.97,43.95,26.17
29.81,24.94,43.92,26.15
30,24.91,44.04,26.13
30.2,24.87,44.11,26.11
30.39,24.85,44.1,26.07
30.58,24.82,44.23,26.05
30.76,24.79,43.94,26
30.94,24.75,44.33,25.99
31.11,24.71,44.77,25.94
31.27,24.67,44.75,25.9
31.42,24.62,44.72,25.87
31.55,24.58,44.49,25.81
31.67,24.54,44.58,25.75
31.78,24.5,44.7,25.67
31.86,24.46,44.76,25.62
31.93,24.41,44.79,25.61
31.98,24.36,44.98,25.61
32,24.31,45.03,25.61
32.01,24.26,44.83,25.61
32.01,24.23,45.19,25.58
32.01,24.18,45.43,25.58
32,24.14,45.57,25.56
31.99,24.08,45.6,25.54
31.97,24.03,45.54,25.5
31.95,23.98,45.34,25.47
31.92,23.93,45.26,25.4
31.89,23.88,45.31,25.34
31.86,23.82,45.36,25.3
31.82,23.77,45.51,25.24
31.78,23.72,45.56,25.2
31.74,23.68,45.8,25.14
31.69,23.63,46.01,25.1
31.64,23.59,45.66,25.05
31.59,23.55,45.78,25.02
31.54,23.51,45.92,24.99
31.48,23.47,46.12,24.97
31.42,23.42,46.05,24.98
31.36,23.39,45.99,24.95
31.3,23.36,46.11,24.92
31.24,23.32,46.15,24.91
31.17,23.27,46.48,24.9
31.11,23.24,46.23,24.85
31.04,23.2,46.21,24.81
30.97,23.16,46.26,24.76
30.9,23.12,46.32,24.72
30.84,23.09,46.33,24.67
30.77,23.05,46.35,24.64
30.7,23.02,46.56,24.6
30.63,22.99,46.94,24.57
30.56,22.95,47.06,24.53
30.48,22.93,47.09,24.47
30.4,22.9,47.01,24.44
30.31,22.86,46.87,24.41
30.23,22.8,47.13,24.39
30.14,22.74,47.11,24.34
30.05,22.68,47.12,24.3
29.96,22.63,47.31,24.23
29.86,22.58,47.19,24.18
29.77,22.53,47.22,24.13
29.67,22.49,47.12,24.07
29.58,22.44,47,24.03
29.49,22.4,47.02,23.99
29.39,22.37,47.23,23.95
29.3,22.34,47.47,23.92
29.21,22.31,47.54,23.89
29.12,22.29,47.5,23.86
29.03,22.26,47.36,23.83
28.94,22.23,47.84,23.81
28.86,22.2,48.1,23.78
28.78,22.17,47.82,23.76
28.71,22.15,47.56,23.72
28.63,22.12,47.84,23.72
28.57,22.08,47.78,23.73
28.5,22.06,47.73,23.71
28.44,22.03,47.92,23.69
28.39,22,47.68,23.65
28.34,21.97,48.07,23.62
28.3,21.94,48.21,23.59
28.26,21.92,48.13,23.55
28.22,21.89,48.2,23.54
28.19,21.88,48.12,23.49
28.15,21.86,48.36,23.48
28.12,21.84,48.34,23.45
28.09,21.81,48.4,23.43
28.05,21.78,48.21,23.41
28.02,21.74,48.21,23.39
27.99,21.71,48.42,23.34
27.97,21.68,48.32,23.3
27.94,21.64,48.43,23.27
27.91,21.59,48.58,23.28
27.89,21.56,48.64,23.25
27.87,21.54,48.79,23.2
27.84,21.51,48.74,23.17
27.82,21.48,48.76,23.14
27.81,21.45,48.87,23.12
27.79,21.43,49.09,23.07
27.77,21.41,48.99,23.05
27.76,21.4,49.07,23
27.75,21.37,49.35,22.98
27.73,21.34,49.48,22.97
27.72,21.31,49.5,22.97
27.72,21.29,49.6,22.93
27.71,21.26,49.48,22.92
27.7,21.23,49.49,22.89
27.7,21.21,49.47,22.87
27.7,21.18,49.52,22.84
27.7,21.16,49.44,22.79
27.7,21.13,49.49,22.77
27.7,21.11,49.6,22.73
27.71,21.09,49.5,22.72
27.73,21.07,49.71,22.72
27.75,21.06,49.44,22.71
27.77,21.04,49.43,22.68
27.79,21.02,49.53,22.64
27.82,21,49.76,22.61
27.85,20.98,49.71,22.57
27.88,20.95,49.76,22.54
27.91,20.92,49.71,22.52
27.95,20.89,50.27,22.5
27.99,20.86,49.88,22.48
28.02,20.84,49.87,22.44
28.06,20.82,50.44,22.42
28.1,20.8,50.36,22.38
28.13,20.78,50.35,22.36
28.17,20.76,50.35,22.33
28.2,20.74,50.33,22.32
28.24,20.73,50.32,22.28
28.27,20.71,50.16,22.27
28.3,20.69,50.13,22.24
28.32,20.67,50.22,22.19
28.35,20.64,50.16,22.17
28.37,20.61,50.28,22.16
28.38,20.61,50.59,22.08
28.4,20.61,50.45,22.03
28.4,20.6,50.47,22
28.41,20.56,50.53,22
28.41,20.52,50.94,21.98
28.4,20.48,50.86,21.97
28.39,20.45,50.73,21.95
28.37,20.41,50.91,21.92
28.34,20.39,50.6,21.88
28.31,20.36,50.76,21.85
28.27,20.33,50.75,21.84
28.22,20.29,50.56,21.83
28.17,20.25,50.6,21.83
28.12,20.22,50.71,21.81
28.06,20.19,50.68,21.79
28,20.17,50.57,21.76
27.93,20.14,50.48,21.76
27.87,20.12,50.56,21.73
27.79,20.1,50.53,21.73
27.72,20.08,50.66,21.7
27.65,20.07,50.74,21.67
27.57,20.05,50.75,21.65
27.49,20.03,50.75,21.62
27.42,20.01,50.91,21.58
27.34,19.98,50.83,21.57
27.26,19.96,51.08,21.53
27.19,19.93,50.91,21.52
27.11,19.91,51.07,21.51
27.04,19.9,51.14,21.47
26.97,19.88,51.09,21.47
26.9,19.86,51.14,21.45
26.83,19.84,51.25,21.45
26.77,19.82,51.23,21.45
26.71,19.81,51.33,21.4
26.65,19.81,51.37,21.37
26.6,19.8,51.37,21.36
26.55,19.79,51.43,21.32
26.5,19.77,51.58,21.3
26.45,19.74,51.53,21.33
26.4,19.74,51.69,21.3
26.35,19.73,51.72,21.29
26.31,19.72,51.78,21.35
26.26,19.72,51.83,21.42
26.21,19.71,52.2,21.47
26.16,19.7,52.66,21.48
26.11,19.69,52.72,21.51
26.07,19.66,52.56,21.51
26.02,19.63,52.54,21.52
25.97,19.6,52.5,21.56
25.93,19.57,52.5,21.56
25.88,19.54,52.45,21.51
25.84,19.52,52.46,21.46
25.79,19.5,52.38,21.44
25.75,19.49,51.94,21.42
25.71,19.47,51.76,21.4
25.66,19.46,51.86,21.35
25.62,19.46,52.01,21.29
25.58,19.45,51.98,21.25
25.54,19.43,51.97,21.24
25.51,19.4,51.82,21.25
25.47,19.38,51.97,21.26
25.43,19.35,51.95,21.26
25.4,19.34,51.93,21.22
25.36,19.33,51.83,21.16
25.33,19.32,51.84,21.12
25.3,19.3,51.83,21.14
25.27,19.28,52.05,21.17
25.24,19.28,52.23,21.17
25.21,19.29,52.32,21.14
25.18,19.31,52.43,21.09
25.15,19.32,52.66,21.04
25.12,19.31,52.6,21.04
25.09,19.29,52.55,21.07
25.06,19.27,52.69,21.14
25.03,19.25,52.83,21.18
25.01,19.23,52.89,21.23
24.98,19.21,52.9,21.31
24.95,19.18,52.84,21.38
24.93,19.16,52.86,21.42
24.9,19.13,52.99,21.45
24.88,19.11,53.14,21.53
24.85,19.1,53.27,21.58
24.83,19.09,53.27,21.61
24.8,19.08,53.29,21.62
24.78,19.08,53.42,21.62
24.76,19.07,53.69,21.61
24.74,19.06,53.64,21.62
24.72,19.04,53.55,21.6
24.7,19.03,53.42,21.55
24.68,19.01,53.31,21.51
24.67,18.99,53.43,21.49
24.65,18.97,53.49,21.45
24.64,18.95,53.66,21.41
24.62,18.94,53.96,21.29
24.61,18.93,53.88,21.12
24.6,18.92,53.88,20.96
32.7,21.94,48.51,22.51
32.69,21.94,48.58,22.54
32.67,21.94,49.45,22.59
32.65,21.94,49.71,22.63
32.62,21.95,49.94,22.65
32.6,21.97,49.92,22.67
32.56,21.98,49.7,22.71
32.53,21.99,49.83,22.74
32.49,22,49.82,22.77
32.45,22,49.85,22.8
32.4,22.01,49.89,22.81
32.35,22.02,50.09,22.84
32.3,22.04,50.08,22.86
32.25,22.05,50.18,22.91
32.2,22.07,50.28,22.92
32.14,22.08,50.21,22.94
32.08,22.07,50.37,22.99
32.02,22.07,50.46,23.02
31.96,22.07,50.63,23.04
31.9,22.08,50.77,23.03
31.84,22.1,50.76,23.02
31.77,22.11,50.9,23.04
31.71,22.12,50.86,23.05
31.65,22.14,51.07,23.04
31.58,22.15,51.22,23.05
31.52,22.16,51.29,23.05
31.45,22.17,51.33,23.06
31.39,22.19,51.31,23.06
31.32,22.2,51.41,23.08
31.26,22.22,52.06,23.05
31.2,22.25,52.18,23.04
31.14,22.27,52.12,23.04
31.07,22.28,52.06,23.07
31.01,22.3,52.42,23.08
30.94,22.33,52.48,23.07
30.87,22.34,52.78,23.08
30.79,22.38,52.77,23.03
30.72,22.39,52.62,23.03
30.64,22.39,52.42,23.07
30.57,22.36,52.3,23.14
30.49,22.36,52.34,23.15
30.41,22.36,52.34,23.16
30.33,22.36,52.31,23.15
30.25,22.35,52.52,23.18
30.17,22.35,52.57,23.17
30.1,22.35,52.35,23.18
30.02,22.36,52.35,23.17
29.94,22.36,52.36,23.17
29.86,22.37,52.36,23.15
29.78,22.38,52.31,23.13
29.7,22.38,52.34,23.12
29.62,22.38,52.33,23.14
29.55,22.39,52.29,23.14
29.47,22.39,53.01,23.15
29.4,22.4,53.71,23.15
29.33,22.4,53.35,23.16
29.26,22.42,52.92,23.14
29.19,22.45,52.77,23.12
29.12,22.49,52.76,23.1
29.06,22.51,52.64,23.1
29,22.53,52.53,23.13
28.94,22.57,52.72,23.13
28.88,22.59,52.45,23.19
28.81,22.63,52.39,23.22
28.75,22.65,52.81,23.27
28.69,22.68,52.92,23.3
28.62,22.72,52.94,23.32
28.55,22.74,53.52,23.36
28.49,22.77,53.64,23.41
28.42,22.81,52.75,23.45
28.36,22.86,52.68,23.48
28.3,22.9,52.65,23.54
28.23,22.95,52.36,23.57
28.17,22.99,52.38,23.61
28.11,23.03,52.88,23.64
28.06,23.07,53.34,23.68
28,23.11,54.11,23.72
27.95,23.16,54.7,23.73
27.9,23.2,54.69,23.76
27.85,23.24,52.9,23.8
27.81,23.27,52.37,23.85
27.77,23.3,52.24,23.9
27.73,23.34,52.3,23.94
27.7,23.38,52.23,23.98
27.67,23.41,52.12,24.03
27.65,23.45,52.09,24.08
27.63,23.48,52.04,24.14
27.61,23.52,51.96,24.18
27.6,23.56,51.9,24.23
27.6,23.6,51.89,24.27
27.6,23.63,51.85,24.33
27.61,23.65,51.72,24.41
27.62,23.67,51.79,24.48
27.63,23.7,51.51,24.51
27.65,23.71,51.47,24.56
27.67,23.74,51.45,24.57
27.69,23.77,52.52,24.58
27.72,23.8,52.22,24.59
27.74,23.82,52.82,24.63
27.77,23.85,53.66,24.68
27.81,23.9,53.96,24.73
27.84,23.95,53.93,24.79
27.87,23.99,53.61,24.86
27.91,24.03,53.98,24.95
27.94,24.07,53.75,25.03
27.98,24.12,54.18,25.1
28.01,24.17,54.56,25.15
28.05,24.22,54.28,25.18
28.09,24.25,53.78,25.24
28.12,24.28,52.79,25.28
28.16,24.31,52.12,25.32
28.19,24.35,51.8,25.35
28.22,24.38,51.61,25.39
28.25,24.41,51.53,25.43
28.28,24.43,51.54,25.48
28.31,24.47,52.05,25.51
28.33,24.51,51.99,25.54
28.35,24.54,51.86,25.58
28.37,24.58,51.62,25.62
28.39,24.61,51.01,25.66
28.4,24.64,50.99,25.71
28.41,24.67,50.97,25.76
28.42,24.71,50.68,25.8
28.43,24.74,50.67,25.86
28.44,24.78,50.7,25.89
28.44,24.82,50.57,25.92
28.45,24.86,50.48,25.94
28.46,24.89,50.5,25.98
28.46,24.92,50.53,26.02
28.47,24.95,50.44,26.07
28.47,24.98,51.1,26.1
28.48,25.02,51.24,26.12
28.48,25.05,50.42,26.16
28.49,25.08,50.26,26.22
28.49,25.12,50.18,26.24
28.5,25.15,50.15,26.29
28.5,25.2,50.15,26.29
28.5,25.23,50.05,26.32
28.51,25.26,50.04,26.36
28.51,25.28,50.03,26.41
28.52,25.3,49.79,26.46
28.52,25.32,49.75,26.49
28.53,25.34,49.81,26.53
28.54,25.35,49.76,26.58
28.54,25.36,49.69,26.64
28.55,25.37,49.77,26.66
28.56,25.38,49.74,26.67
28.57,25.39,49.85,26.65
28.58,25.39,49.81,26.64
28.59,25.39,49.67,26.63
28.6,25.39,49.52,26.63
28.61,25.38,49.43,26.64
28.63,25.37,49.51,26.65
28.64,25.37,49.44,26.65
28.65,25.37,49.39,26.65
28.67,25.38,49.32,26.64
28.68,25.39,49.4,26.62
28.7,25.39,49.35,26.62
28.71,25.39,49.33,26.62
28.73,25.4,49.24,26.6
28.74,25.4,49.21,26.6
28.76,25.4,49.22,26.6
28.77,25.39,49.28,26.62
28.79,25.39,49.34,26.62
28.81,25.39,49.41,26.62
28.83,25.39,49.84,26.62
28.84,25.4,49.69,26.62
28.86,25.4,49.34,26.63
28.88,25.4,49.16,26.65
28.9,25.41,49.05,26.65
28.91,25.42,49.11,26.65
28.93,25.43,49.19,26.66
28.95,25.44,49.61,26.66
28.97,25.46,49.7,26.65
28.99,25.47,49.58,26.66
29.01,25.48,49.08,26.66
29.03,25.49,48.93,26.67
29.04,25.5,48.87,26.67
29.06,25.5,48.91,26.69
29.08,25.49,48.83,26.71
29.1,25.49,48.77,26.7
29.12,25.49,48.75,26.71
29.14,25.48,48.33,26.7
29.17,25.48,48.64,26.68
29.19,25.48,49.95,26.69
29.22,25.5,49.3,26.68
29.25,25.53,49.09,26.67
29.28,25.56,48.9,26.67
29.31,25.6,48.89,26.65
29.34,25.62,48.75,26.64
29.38,25.63,48.68,26.65
29.41,25.66,48.77,26.62
29.44,25.67,48.52,26.61
29.48,25.68,48.34,26.61
29.51,25.68,48.38,26.61
29.55,25.68,48.58,26.61
29.58,25.69,48.85,26.61
29.61,25.71,48.46,26.62
29.65,25.73,48.32,26.65
29.68,25.76,48.38,26.65
29.71,25.79,48.38,26.65
29.74,25.81,48.34,26.66
29.76,25.82,48.31,26.68
29.79,25.82,48.26,26.7
29.81,25.82,48.18,26.7
29.83,25.83,48.2,26.69
29.85,25.83,48.1,26.69
29.87,25.82,47.97,26.7
29.88,25.8,48.07,26.73
29.89,25.78,47.93,26.75
29.9,25.76,47.88,26.76
29.9,25.73,47.94,26.77
29.89,25.7,48.4,26.77
29.87,25.67,48.21,26.78
29.84,25.64,48.01,26.79
29.81,25.61,48.16,26.8
29.76,25.57,48.2,26.84
29.71,25.53,48.21,26.85
29.65,25.49,48.53,26.79
29.59,25.44,48.96,26.75
29.53,25.38,48.56,26.7
29.46,25.31,48.36,26.65
29.38,25.25,48.39,26.56
29.31,25.18,48.49,26.5
29.23,25.13,48.47,26.43
29.15,25.07,48.37,26.37
29.07,25.01,48.36,26.32
29,24.95,47.93,26.28
28.92,24.9,48.12,26.26
28.85,24.84,48.25,26.26
28.78,24.78,48.39,26.25
28.71,24.74,48.71,26.25
28.65,24.69,48.6,26.27
28.59,24.64,48.59,26.29
28.54,24.59,48.46,26.27
28.5,24.54,48.48,26.24
28.46,24.49,48.5,26.19
28.43,24.45,48.88,26.12
28.41,24.4,48.56,26.07
28.4,24.36,48.65,26.01
28.4,24.31,48.59,25.99
28.41,24.27,48.51,25.95
28.42,24.23,48.68,25.92
28.43,24.2,48.76,25.89
28.44,24.16,48.73,25.88
28.46,24.11,48.84,25.87
28.48,24.06,48.97,25.85
28.5,24.01,49.05,25.82
28.52,23.98,49.15,25.73
28.54,23.94,49.32,25.67
28.57,23.91,49.35,25.63
28.6,23.87,49.43,25.6
28.62,23.82,49.18,25.62
28.65,23.78,49.24,25.68
28.68,23.74,49.39,25.71
28.71,23.7,49.62,25.71
28.74,23.66,49.44,25.7
28.77,23.62,49.47,25.65
28.8,23.59,49.5,25.57
28.83,23.55,49.74,25.51
28.86,23.53,50,25.39
28.89,23.5,50.03,25.31
28.92,23.46,50.13,25.27
28.94,23.41,50.1,25.23
28.97,23.38,50.3,25.16
29,23.33,50.29,25.14
29.02,23.29,50.28,25.1
29.04,23.25,50.35,25.09
29.06,23.21,50.38,25.07
29.08,23.18,50.36,25.02
29.1,23.16,50.35,24.92
29.12,23.13,50.33,24.85
29.13,23.09,50.5,24.81
29.15,23.05,50.69,24.83
29.17,23,50.82,24.88
29.18,22.96,50.81,24.94
29.2,22.92,50.66,24.98
29.22,22.88,50.59,25.04
29.23,22.83,50.67,25.09
29.25,22.79,50.61,25.04
29.26,22.76,50.72,24.94
29.28,22.74,50.72,24.81
29.3,22.71,50.7,24.72
29.31,22.68,50.74,24.67
29.33,22.64,50.82,24.63
29.34,22.59,50.82,24.61
29.36,22.55,51.13,24.63
29.37,22.51,51.35,24.62
29.38,22.47,51.42,24.59
29.4,22.45,51.27,24.5
29.41,22.42,51.61,24.44
29.42,22.4,51.56,24.37
29.43,22.36,51.25,24.36
29.44,22.33,51.21,24.42
29.45,22.3,51.25,24.47
29.46,22.27,51.31,24.5
29.47,22.24,51.4,24.51
29.48,22.21,51.4,24.44
29.49,22.18,51.52,24.38
29.49,22.15,51.62,24.36
29.5,22.12,52.06,24.33
29.5,22.09,52.22,24.25
29.51,22.06,52.18,24.17
29.51,22.04,52.09,24.14
29.5,22.01,51.97,24.16
29.5,21.98,51.82,24.21
29.49,21.96,51.95,24.17
29.48,21.92,51.94,24.2
29.47,21.9,52.04,24.22
29.46,21.87,52.05,24.27
29.44,21.84,52.12,24.33
29.42,21.81,52.23,24.37
29.41,21.78,52.27,24.41
29.39,21.75,52.31,24.45
29.37,21.73,52.16,24.47
29.34,21.7,52.36,24.52
29.32,21.67,52.38,24.54
29.29,21.63,52.4,24.59
29.27,21.59,52.45,24.63
29.24,21.56,52.5,24.66
29.21,21.54,52.56,24.66
29.18,21.51,52.68,24.59
29.15,21.5,52.91,24.45
29.12,21.48,52.89,24.36
29.09,21.44,52.94,24.36
29.06,21.41,52.98,24.34
29.03,21.39,53.18,24.3
29,21.36,53.15,24.27
28.97,21.32,53.18,24.18
28.93,21.3,53.29,23.94
28.9,21.28,53.64,23.69
28.86,21.25,53.61,23.49
28.82,21.21,53.66,23.33
28.77,21.17,53.63,23.2
28.72,21.13,53.64,23.15
28.66,21.09,53.66,23.13
28.59,21.06,53.66,23.1
28.52,21.03,53.74,23.05
28.45,20.99,53.87,23.04
28.37,20.95,53.94,23.04
28.29,20.92,54.05,23
28.21,20.89,54.18,22.97
28.13,20.85,54.22,22.97
28.04,20.83,54.1,22.93
27.96,20.81,54.03,22.91
27.87,20.79,54.32,22.89
27.79,20.79,54.49,22.82
27.7,20.77,54.36,22.75
27.62,20.75,54.26,22.71
27.54,20.74,54.26,22.69
27.46,20.71,54.07,22.72
27.38,20.69,54.02,22.75
27.31,20.69,54.01,22.67
27.24,20.69,54.08,22.56
27.17,20.66,54.11,22.49
27.11,20.63,54.16,22.49
27.06,20.6,54.16,22.53
27.01,20.58,54.19,22.59
26.97,20.55,54.16,22.64
26.93,20.52,54.19,22.67
26.9,20.48,54.23,22.73
26.88,20.46,54.22,22.77
26.86,20.44,54.25,22.75
26.84,20.43,54.41,22.66
26.83,20.43,54.68,22.53
26.82,20.42,54.53,22.41
26.81,20.4,54.44,22.33
26.81,20.38,54.46,22.28
26.81,20.36,54.44,22.27
26.81,20.34,54.59,22.23
26.81,20.31,54.62,22.19
26.82,20.3,54.68,22.15
26.82,20.28,54.71,22.09
26.83,20.26,54.69,22.1
26.84,20.24,54.71,22.07
26.84,20.22,54.78,22.05
26.85,20.2,54.86,22.04
26.86,20.18,54.85,22
26.86,20.16,54.77,22.06
26.87,20.14,54.81,22.12
26.87,20.13,54.85,22.1
26.88,20.12,54.94,22.12
26.88,20.11,55.06,22.11
26.88,20.09,54.99,22.14
26.88,20.08,55.02,22.19
26.87,20.07,55.02,22.21
26.86,20.06,55.18,22.18
26.85,20.04,55.26,22.17
26.84,20.01,55.32,22.12
26.82,19.98,55.26,22.12
26.8,19.95,55.22,22.13
26.78,19.92,55.3,22.14
26.75,19.91,55.44,22.08
26.72,19.91,55.37,21.97
26.69,19.9,55.56,21.88
26.65,19.89,55.62,21.85
26.61,19.88,55.51,21.8
26.58,19.87,55.46,21.73
26.54,19.85,55.48,21.68
26.5,19.84,55.47,21.59
26.46,19.82,55.5,21.53
26.42,19.79,55.53,21.54
26.37,19.76,55.53,21.53
26.33,19.74,55.51,21.53
26.29,19.73,55.46,21.48
26.25,19.71,55.62,21.4
26.2,19.68,55.72,21.37
26.16,19.66,55.66,21.35
26.12,19.65,55.67,21.37
26.09,19.63,55.61,21.39
26.05,19.61,55.67,21.42
26.01,19.6,55.78,21.48
25.98,19.58,55.76,21.52
25.95,19.56,55.71,21.47
25.92,19.53,55.7,21.44
25.89,19.5,55.77,21.49
25.87,19.48,55.84,21.51
25.84,19.46,55.77,21.45
25.83,19.44,55.75,21.35
25.81,19.42,55.71,21.23
25.8,19.4,55.78,21.16
25.79,19.38,55.7,21.09
25.78,19.36,55.76,21.02
25.77,19.35,55.89,20.95
25.77,19.34,56.14,20.89
25.76,19.33,56.12,20.85
25.75,19.32,56.19,20.78
25.74,19.31,56.45,20.71
25.74,19.29,56.58,20.66
25.73,19.26,56.53,20.63
25.72,19.23,56.53,20.61
25.72,19.2,56.67,20.64
25.71,19.17,56.54,20.7
25.71,19.16,56.55,20.76
25.7,19.13,56.57,20.83
25.7,19.11,56.67,20.89
25.69,19.08,56.95,21.04
25.69,19.07,56.78,21.18
25.69,19.06,56.79,21.27
25.68,19.05,56.74,21.29
25.68,19.02,56.81,21.34
25.68,19,56.58,21.33
25.68,18.98,56.48,21.21
25.68,18.96,56.8,21.03
25.68,18.95,56.9,20.85
25.68,18.93,56.8,20.7
25.69,18.92,56.7,20.56
25.69,18.89,56.72,20.48
25.69,18.86,56.78,20.4
25.7,18.84,56.97,20.32
25.7,18.82,57.07,20.24
25.71,18.8,57.11,20.18
25.71,18.79,56.98,20.11
25.72,18.78,56.91,20.07
25.72,18.78,56.93,20.03
25.73,18.76,57.18,20.01
25.73,18.74,57.46,20
25.74,18.73,57.55,19.98
25.75,18.71,57.41,19.95
25.75,18.7,57.26,19.92
25.76,18.69,57.34,19.86
25.77,18.67,57.49,19.82
25.77,18.66,57.68,19.75
25.78,18.64,57.71,19.68
25.79,18.61,57.52,19.63
25.8,18.57,57.48,19.57
25.8,18.53,57.53,19.52
25.81,18.49,57.5,19.48
25.82,18.45,57.51,19.46
25.82,18.43,57.63,19.41
25.83,18.42,57.73,19.39
25.84,18.41,57.84,19.38
25.85,18.44,57.99,19.31
25.85,18.46,57.99,19.27
25.86,18.46,58.03,19.3
25.87,18.49,58.25,19.28
25.87,18.51,58.49,19.27
25.88,18.52,58.6,19.28
25.89,18.51,58.41,19.32
25.89,18.5,58.34,19.33
25.9,18.49,58.34,19.34
27.6,22.37,40.45,23.12
27.61,22.37,40.47,23.1
27.65,22.37,40.31,23.1
27.69,22.38,40.32,23.09
27.75,22.39,40.67,23.1
27.83,22.39,40.95,23.12
27.91,22.4,41.42,23.11
28.01,22.42,41.1,23.09
28.12,22.43,40.63,23.08
28.23,22.44,40.58,23.07
28.35,22.44,40.58,23.08
28.48,22.44,40.57,23.1
28.61,22.45,40.63,23.1
28.74,22.46,40.61,23.13
28.88,22.48,40.59,23.13
29.29,22.54,40.49,23.17
29.43,22.57,40.43,23.19
29.56,22.6,40.51,23.21
29.68,22.62,40.65,23.27
29.8,22.66,40.79,23.29
29.91,22.69,40.71,23.32
30.02,22.72,40.73,23.37
30.11,22.76,40.63,23.4
30.19,22.79,40.77,23.45
30.26,22.82,40.52,23.5
30.32,22.86,40.65,23.53
30.36,22.9,40.17,23.57
30.39,22.94,39.89,23.62
30.4,22.99,39.68,23.65
30.4,23.04,39.8,23.71
30.39,23.08,39.7,23.77
30.38,23.13,39.66,23.83
30.36,23.17,39.91,23.9
30.33,23.2,39.86,23.97
30.31,23.24,39.75,24
30.27,23.27,39.63,24.05
30.24,23.33,39.22,24.05
30.2,23.39,39.37,24.05
30.16,23.43,39.54,24.08
30.12,23.48,39.6,24.1
30.07,23.52,39.7,24.13
30.03,23.56,39.78,24.16
29.98,23.59,39.83,24.2
29.93,23.61,39.69,24.24
29.88,23.64,39.57,24.28
29.83,23.67,39.68,24.32
29.78,23.71,39.97,24.35
29.74,23.74,40,24.39
29.69,23.77,39.64,24.43
29.65,23.8,39.47,24.45
29.61,23.83,39.28,24.48
29.57,23.85,39.25,24.5
29.53,23.89,39.34,24.51
29.5,23.92,39.2,24.54
29.47,23.95,39,24.57
29.45,23.98,38.87,24.63
29.43,24.02,38.69,24.66
29.41,24.06,38.54,24.7
29.4,24.1,38.51,24.74
29.39,24.14,38.44,24.79
29.39,24.2,38.43,24.81
29.39,24.25,38.35,24.86
29.39,24.29,38.47,24.93
29.39,24.34,38.61,24.96
29.4,24.37,38.11,24.99
29.4,24.39,37.96,25.03
29.41,24.41,37.83,25.05
29.42,24.43,37.59,25.08
29.43,24.45,38.14,25.11
29.43,24.49,38.45,25.13
29.44,24.53,38.46,25.17
29.45,24.56,38.59,25.22
29.46,24.6,38.64,25.26
29.47,24.64,38.51,25.31
29.48,24.69,38.45,25.34
29.49,24.72,38.46,25.4
29.5,24.77,38.25,25.43
29.51,24.83,38.02,25.45
29.52,24.87,38.02,25.49
29.53,24.9,37.9,25.55
29.53,24.94,37.83,25.59
29.53,24.99,37.83,25.61
29.54,25.04,37.75,25.64
29.54,25.08,37.65,25.69
29.53,25.11,37.49,25.73
29.53,25.15,37.47,25.76
29.52,25.18,37.4,25.81
29.51,25.22,37.29,25.84
29.5,25.26,37.24,25.86
29.48,25.31,37.33,25.88
29.46,25.36,37.25,25.92
29.44,25.4,37.04,25.97
29.41,25.44,37.35,26.02
29.37,25.47,37.4,26.07
29.34,25.5,37.45,26.1
29.3,25.53,37.38,26.13
29.26,25.56,37.32,26.15
29.21,25.58,37.29,26.2
29.16,25.6,37.43,26.21
29.11,25.61,37.45,26.23
29.06,25.62,37.24,26.26
29.01,25.62,37.1,26.27
28.96,25.61,37.06,26.29
28.91,25.61,36.99,26.29
28.85,25.6,36.84,26.3
28.8,25.59,36.91,26.31
28.75,25.59,37.11,26.31
28.7,25.6,37.06,26.29
28.65,25.6,37.15,26.3
28.6,25.63,37.55,26.27
28.56,25.63,37.42,26.3
28.51,25.63,37.19,26.33
28.47,25.64,36.82,26.34
28.43,25.65,36.77,26.35
28.4,25.65,36.82,26.37
28.37,25.67,36.7,26.37
28.34,25.67,36.87,26.4
28.32,25.68,36.95,26.41
28.3,25.68,36.97,26.43
28.29,25.66,37.1,26.47
28.28,25.62,37.25,26.52
28.28,25.59,37.2,26.53
28.28,25.57,37.45,26.51
28.29,25.55,37.4,26.49
28.31,25.52,37.3,26.46
28.33,25.5,37.15,26.43
28.35,25.48,37.25,26.4
28.38,25.45,37.24,26.4
28.41,25.44,37.24,26.35
28.44,25.44,37.25,26.3
28.48,25.43,37.36,26.25
28.52,25.43,37.44,26.21
28.57,25.43,37.45,26.17
28.62,25.42,37.57,26.14
28.67,25.41,37.81,26.12
28.72,25.4,37.58,26.11
28.77,25.39,37.6,26.07
28.83,25.36,37.85,26.07
28.89,25.33,38.02,26.05
28.95,25.3,37.82,26.03
29.01,25.26,37.82,26.01
29.07,25.24,37.75,25.97
29.13,25.21,37.86,25.94
29.19,25.18,38.08,25.9
29.25,25.14,38.4,25.87
29.32,25.09,38.34,25.85
29.38,25.04,38.27,25.83
29.44,24.99,38.27,25.8
29.5,24.93,38.26,25.78
29.57,24.88,38.19,25.74
29.64,24.83,38.23,25.7
29.73,24.78,38.27,25.67
29.82,24.73,38,25.63
29.93,24.68,37.22,25.58
30.04,24.63,37.77,25.52
30.15,24.57,37.67,25.46
30.27,24.52,37.73,25.4
30.4,24.45,37.79,25.37
30.53,24.39,37.95,25.33
30.66,24.34,37.92,25.29
30.8,24.28,37.82,25.25
30.94,24.22,37.78,25.21
31.07,24.16,37.63,25.18
31.21,24.11,37.48,25.13
31.35,24.05,37.62,25.1
31.48,24,37.72,25.06
31.61,23.94,37.69,25.04
31.74,23.89,37.72,24.99
31.87,23.83,37.94,24.96
31.99,23.78,38.04,24.9
32.1,23.72,37.85,24.85
32.21,23.67,37.98,24.8
32.31,23.61,37.8,24.77
32.4,23.55,37.91,24.73
32.48,23.5,38,24.69
32.55,23.44,38.03,24.66
32.61,23.39,38.33,24.61
32.66,23.34,38.36,24.57
32.7,23.29,38.43,24.54
32.72,23.24,38.38,24.52
32.74,23.2,38.37,24.48
32.74,23.15,38.51,24.45
32.73,23.11,38.66,24.41
32.71,23.07,38.68,24.36
32.68,23.03,38.83,24.3
32.65,22.98,38.9,24.28
32.6,22.93,38.87,24.23
32.55,22.88,38.76,24.21
32.5,22.82,38.71,24.19
32.44,22.78,38.78,24.14
32.37,22.73,39.06,24.09
32.3,22.69,39.02,24.03
32.23,22.65,39.1,23.96
32.16,22.62,39.19,23.89
32.09,22.58,39.27,23.84
32.01,22.54,39.41,23.79
31.94,22.51,39.63,23.73
31.87,22.48,39.71,23.68
31.8,22.46,39.65,23.61
31.73,22.42,39.28,23.57
31.67,22.37,39.25,23.55
31.61,22.33,39.33,23.51
31.56,22.28,39.37,23.49
31.51,22.23,39.44,23.48
31.47,22.18,39.71,23.46
31.44,22.14,39.63,23.44
31.42,22.09,39.83,23.44
31.4,22.05,39.82,23.42
31.4,22,39.89,23.4
31.41,21.96,39.98,23.37
31.43,21.91,39.68,23.34
31.47,21.87,39.85,23.32
31.52,21.83,39.9,23.28
31.58,21.79,39.87,23.24
31.65,21.75,39.92,23.18
31.73,21.71,39.87,23.13
31.82,21.67,39.83,23.07
31.92,21.62,39.78,23.04
32.02,21.58,39.81,22.99
32.12,21.54,39.88,22.95
32.24,21.49,40.03,22.93
32.35,21.45,39.98,22.88
32.46,21.4,39.92,22.87
32.58,21.36,39.99,22.83
32.7,21.32,39.9,22.8
32.81,21.29,39.86,22.75
32.92,21.25,39.96,22.72
33.03,21.21,40.2,22.68
33.14,21.17,40.1,22.63
33.24,21.14,40.15,22.58
33.33,21.1,40.07,22.54
33.41,21.07,40.19,22.5
33.49,21.03,40.4,22.46
33.56,21,40.65,22.4
33.61,20.97,40.5,22.34
33.65,20.93,40.62,22.3
33.68,20.9,40.72,22.24
33.7,20.88,40.69,22.18
33.7,20.85,40.63,22.14
33.68,20.83,40.85,22.1
33.62,20.79,40.59,22.09
33.53,20.76,40.78,22.05
33.42,20.74,40.79,22.01
33.28,20.7,40.49,21.99
33.12,20.67,40.76,21.94
32.93,20.64,41,21.89
32.73,20.6,40.8,21.85
32.51,20.56,40.83,21.82
32.28,20.53,41.22,21.79
32.04,20.49,41.17,21.76
31.79,20.46,40.98,21.73
31.53,20.42,40.94,21.72
31.26,20.39,41.21,21.68
30.99,20.36,41.29,21.65
30.73,20.33,41.2,21.62
30.46,20.3,41.24,21.58
30.21,20.26,41.57,21.56
29.95,20.23,41.39,21.54
29.71,20.21,41.17,21.49
29.48,20.18,41.53,21.46
29.26,20.16,41.29,21.43
29.06,20.13,41.12,21.4
28.88,20.1,41.28,21.39
28.72,20.08,41.27,21.34
28.58,20.05,41.28,21.32
28.46,20.02,41.31,21.28
28.38,19.99,41.51,21.25
28.32,19.97,41.55,21.2
28.3,19.94,41.62,21.17
28.3,19.92,41.72,21.14
28.3,19.89,41.72,21.11
28.31,19.87,41.8,21.09
28.33,19.86,41.96,21.04
28.35,19.85,42.04,20.99
28.37,19.82,41.8,20.98
28.4,19.79,41.86,20.97
28.43,19.75,41.97,20.97
28.47,19.72,42.16,20.95
28.5,19.7,42.05,20.91
28.54,19.67,42.01,20.88
28.58,19.65,42.01,20.85
28.62,19.63,42.09,20.81
28.67,19.6,42.27,20.79
28.71,19.57,42.34,20.77
28.75,19.55,42.56,20.73
28.79,19.54,42.68,20.7
28.83,19.5,42.54,20.68
28.87,19.47,42.63,20.67
28.9,19.44,42.8,20.65
28.93,19.41,42.91,20.63
28.96,19.41,43.23,20.59
28.98,19.41,43.22,20.58
29,19.42,43.24,20.55
29.02,19.42,43.09,20.53
29.03,19.41,42.89,20.52
29.03,19.39,42.92,20.5
29.03,19.36,43.16,20.48
29.02,19.33,43.18,20.45
29,19.3,43.25,20.43
28.98,19.26,43.41,20.41
28.96,19.23,43.29,20.38
28.93,19.21,43.49,20.36
28.91,19.18,43.39,20.35
28.88,19.17,43.35,20.31
28.85,19.16,44.15,20.28
28.83,19.15,44.28,20.23
28.8,19.12,44.23,20.23
28.77,19.09,44.13,20.21
28.74,19.05,44.28,20.21
28.71,19.02,44.18,20.18
28.68,18.99,44.29,20.17
28.65,18.96,44.29,20.14
28.62,18.94,44.61,20.11
28.59,18.92,44.75,20.08
28.56,18.89,44.79,20.08
28.53,18.87,44.69,20.05
28.5,18.84,44.57,20.05
28.47,18.82,44.69,20.02
28.45,18.79,44.62,20
28.42,18.78,44.61,19.95
28.39,18.76,44.81,19.92
28.36,18.74,44.73,19.88
28.34,18.73,44.76,19.84
28.31,18.71,44.79,19.81
28.29,18.69,44.85,19.78
28.26,18.66,44.82,19.76
28.24,18.63,44.91,19.76
28.22,18.61,44.98,19.76
28.2,18.58,44.89,19.71
28.18,18.56,45.04,19.69
28.17,18.55,44.98,19.68
28.15,18.55,45.58,19.66
28.14,18.56,45.22,19.64
28.13,18.57,45.07,19.62
28.12,18.57,45.14,19.61
28.11,18.59,45.19,19.58
28.1,18.6,45.23,19.57
28.1,18.61,45.26,19.57
28.09,18.63,45.3,19.56
28.09,18.65,45.03,19.55
28.08,18.67,44.98,19.56
28.08,18.71,45.26,19.55
28.07,18.74,45.49,19.53
28.07,18.76,45.41,19.55
28.07,18.78,45.23,19.55
28.06,18.79,45.26,19.56
28.06,18.8,45.41,19.56
28.05,18.81,45.67,19.55
28.04,18.81,45.41,19.57
28.04,18.82,45.28,19.56
28.03,18.83,45.6,19.57
28.02,18.84,45.32,19.56
28.01,18.84,45.11,19.58
27.99,18.85,45.17,19.58
27.98,18.89,45.57,19.54
27.96,18.95,45.77,19.49
27.94,18.99,45.44,19.49
27.92,19.03,45.53,19.5
27.9,19.07,45.53,19.54
27.87,19.12,45.73,19.58
27.84,19.18,45.62,19.63
27.81,19.25,45.26,19.67
27.78,19.33,45.44,19.71
27.74,19.4,45.75,19.77
27.7,19.48,45.79,19.81
27.66,19.55,45.85,19.86
27.62,19.62,45.98,19.91
27.57,19.69,45.78,19.95
27.52,19.77,45.78,20.02
27.48,19.85,45.78,20.08
27.43,19.92,45.73,20.15
27.38,19.97,45.64,20.24
27.32,20.03,45.58,20.3
27.27,20.08,45.59,20.37
27.22,20.12,45.36,20.43
27.16,20.16,45.35,20.48
27.11,20.18,45.2,20.54
27.06,20.21,45.25,20.57
27,20.24,45.11,20.6
26.95,20.28,45.1,20.6
26.89,20.32,45,20.59
26.84,20.35,44.74,20.58
26.79,20.36,44.83,20.61
26.74,20.37,44.86,20.63
26.69,20.38,44.88,20.63
26.64,20.39,44.74,20.63
26.59,20.39,44.63,20.67
26.54,20.39,44.62,20.7
26.5,20.4,44.5,20.69
26.46,20.41,44.25,20.68
26.41,20.41,44,20.69
26.37,20.42,43.95,20.7
26.32,20.43,44.18,20.73
26.27,20.45,44.25,20.72
26.23,20.46,44.05,20.73
26.18,20.47,44.04,20.72
26.13,20.51,44.3,20.69
26.08,20.54,43.91,20.69
26.04,20.56,43.64,20.7
25.99,20.58,43.47,20.71
25.95,20.6,43.73,20.74
25.9,20.61,43.67,20.77
25.86,20.63,43.55,20.8
25.82,20.65,43.7,20.83
25.78,20.67,43.67,20.87
25.74,20.69,43.33,20.89
25.71,20.71,43.31,20.92
25.67,20.74,43.25,20.93
25.64,20.77,42.96,20.95
25.61,20.8,43.21,20.97
25.59,20.83,43.48,21
25.57,20.86,43.82,21.04
25.55,20.89,43.2,21.07
25.53,20.93,43.41,21.1
25.52,20.95,43.95,21.16
25.51,20.98,44.03,21.21
25.5,21,43.87,21.27
25.5,21.02,43.72,21.34
25.5,21.05,43.71,21.4
25.51,21.07,43.69,21.48
25.55,21.1,43.35,21.55
25.6,21.15,43.55,21.61
25.66,21.2,43.2,21.66
25.75,21.24,42.86,21.72
25.84,21.28,42.62,21.76
25.95,21.32,42.94,21.82
26.07,21.38,43.08,21.85
26.2,21.44,43.03,21.87
26.34,21.5,43.12,21.89
26.49,21.56,42.9,21.92
26.64,21.58,42.63,21.96
26.8,21.58,42.44,21.99
26.96,21.56,41.68,21.99
27.13,21.56,41.93,21.94
27.29,21.56,42.13,21.92
27.46,21.54,41.49,21.91
27.63,21.5,41.29,21.9
27.79,21.46,41.51,21.89
27.95,21.45,41.72,21.85
28.11,21.42,41.58,21.83
28.26,21.4,41.64,21.79
28.4,21.4,41.48,21.72
28.54,21.42,41.25,21.62
28.66,21.45,41.02,21.5
28.78,21.47,40.91,21.4
28.88,21.49,40.76,21.31
28.97,21.48,40.68,21.27
29.04,21.47,40.58,21.24
29.1,21.47,40.5,21.19
29.15,21.49,40.4,21.12
29.2,21.5,40.28,21.09
29.25,21.51,40.2,21.07
29.3,21.52,40.13,21.05
29.34,21.54,40.01,21.03
29.39,21.57,39.92,21
29.44,21.59,39.82,20.98
29.48,21.61,39.7,20.98
29.52,21.64,39.63,20.96
29.57,21.67,39.56,20.94
29.61,21.7,39.44,20.93
29.65,21.74,39.34,20.92
29.69,21.78,39.27,20.89
29.72,21.8,39.12,20.9
29.76,21.83,39.03,20.9
29.79,21.86,38.94,20.89
29.83,21.88,38.88,20.89
29.86,21.9,38.81,20.91
29.89,21.92,38.68,20.92
29.92,21.94,38.65,20.92
29.94,21.97,38.57,20.93
29.97,22,38.48,20.91
29.99,22.02,38.42,20.92
30.01,22.04,38.33,20.94
30.03,22.06,38.23,20.94
30.05,22.08,38.14,20.96
30.07,22.1,38.04,20.96
30.08,22.11,37.96,20.98
30.09,22.11,37.93,21.02
30.1,22.13,37.85,21.02
33.7,22.56,38.39,23.05
33.7,22.6,38.35,23.05
33.69,22.63,38.37,23.07
33.68,22.66,38.4,23.1
33.68,22.7,38.52,23.12
33.67,22.74,38.53,23.14
33.66,22.78,38.54,23.15
33.65,22.82,38.51,23.16
33.64,22.85,38.5,23.18
33.63,22.89,38.46,23.19
33.62,22.93,38.47,23.2
33.6,22.96,38.68,23.22
33.59,23,38.84,23.23
33.57,23.05,38.56,23.22
33.56,23.08,38.41,23.26
33.54,23.12,38.37,23.27
33.52,23.16,38.34,23.29
33.51,23.2,38.31,23.3
33.49,23.24,38.34,23.3
33.47,23.28,38.31,23.31
33.45,23.31,38.36,23.33
33.43,23.34,38.37,23.36
33.4,23.37,38.36,23.39
33.38,23.4,38.26,23.43
33.36,23.44,38.25,23.47
33.33,23.49,38.24,23.49
33.31,23.53,38.08,23.52
33.28,23.55,38.1,23.57
33.26,23.59,38.13,23.59
33.23,23.62,38.15,23.63
33.2,23.66,38.11,23.65
33.17,23.69,38.06,23.66
33.13,23.72,38.05,23.71
33.1,23.75,37.93,23.75
33.05,23.79,37.94,23.77
33.01,23.83,38.02,23.79
32.96,23.85,37.92,23.84
32.91,23.89,37.8,23.84
32.85,23.92,37.76,23.86
32.8,23.96,37.74,23.84
32.74,23.99,37.64,23.85
32.68,24.03,37.69,23.85
32.61,24.06,37.59,23.86
32.55,24.09,37.47,23.87
32.49,24.13,37.43,23.87
32.42,24.17,37.42,23.88
32.35,24.2,37.34,23.91
32.29,24.24,37.26,23.9
32.22,24.27,37.23,23.92
32.15,24.31,37.2,23.91
32.09,24.35,37.22,23.92
32.02,24.38,37.18,23.94
31.96,24.43,37.13,23.96
31.89,24.47,37.23,23.98
31.83,24.5,37.11,24.02
31.77,24.54,37.08,24.05
31.71,24.59,37.05,24.08
31.65,24.62,37,24.12
31.6,24.65,36.9,24.15
31.55,24.68,36.89,24.17
31.5,24.7,36.92,24.22
31.45,24.73,36.93,24.25
31.41,24.76,36.85,24.3
31.36,24.8,36.93,24.33
31.31,24.85,37.01,24.36
31.26,24.9,37.09,24.41
31.21,24.92,36.9,24.48
31.16,24.94,36.96,24.52
31.11,24.97,36.98,24.54
31.07,25,36.96,24.57
31.02,25.04,36.97,24.59
30.97,25.07,36.98,24.6
30.92,25.12,36.98,24.6
30.88,25.15,37.05,24.63
30.83,25.16,36.99,24.7
30.79,25.18,36.92,24.71
30.74,25.19,36.95,24.74
30.7,25.19,36.79,24.78
30.66,25.19,36.83,24.79
30.62,25.2,36.81,24.82
30.58,25.25,36.79,24.82
30.55,25.29,36.8,24.83
30.51,25.33,36.85,24.85
30.48,25.38,36.8,24.87
30.45,25.43,36.81,24.88
30.42,25.45,36.81,24.92
30.39,25.47,36.9,24.96
30.36,25.48,36.94,24.99
30.34,25.5,37.23,25.04
30.32,25.52,37.27,25.12
30.3,25.54,37.43,25.21
30.28,25.56,37.39,25.3
30.27,25.59,37.41,25.38
30.25,25.64,37.08,25.43
30.24,25.7,37.07,25.45
30.22,25.75,36.99,25.48
30.21,25.78,36.91,25.53
30.2,25.81,36.94,25.57
30.18,25.83,36.88,25.63
30.17,25.85,36.67,25.68
30.16,25.86,36.54,25.74
30.15,25.89,36.57,25.77
30.14,25.91,36.47,25.8
30.13,25.92,36.45,25.83
30.12,25.93,36.28,25.83
30.11,25.93,36.38,25.85
30.1,25.94,36.14,25.85
30.09,25.94,36.16,25.86
30.08,25.94,35.97,25.86
30.07,25.94,36.06,25.87
30.07,25.93,36.06,25.89
30.06,25.93,36.16,25.92
30.05,25.94,36.06,25.92
30.04,25.95,35.91,25.92
30.04,25.96,35.87,25.92
30.03,25.99,35.89,25.9
30.02,26,35.9,25.92
30.02,26.01,35.76,25.94
30.01,26.01,35.75,25.99
30.01,26.02,35.82,26.03
30,26.05,35.82,26.01
30,26.06,35.69,26.05
29.99,26.09,35.67,26.04
29.99,26.11,35.75,26.06
29.99,26.15,35.87,26.06
29.99,26.18,35.82,26.05
29.99,26.19,35.76,26.11
29.99,26.2,35.71,26.14
30,26.2,35.53,26.17
30,26.21,35.51,26.17
30.01,26.23,35.56,26.14
30.01,26.24,35.52,26.14
30.02,26.23,35.49,26.15
30.03,26.24,35.44,26.14
30.04,26.24,35.37,26.15
30.05,26.24,35.51,26.17
30.06,26.2,35.64,26.23
30.08,26.13,35.72,26.31
30.09,26.04,35.83,26.4
30.1,25.96,35.86,26.46
30.12,25.87,36.01,26.52
30.13,25.81,36.09,26.56
30.15,25.75,36.16,26.58
30.17,25.71,36.19,26.58
30.19,25.68,36.27,26.58
30.2,25.66,36.32,26.57
30.22,25.64,36.39,26.56
30.24,25.63,36.42,26.55
30.26,25.64,36.32,26.51
30.28,25.64,36.25,26.49
30.3,25.65,36.35,26.47
30.33,25.67,36.16,26.44
30.39,25.68,36.4,26.43
30.47,25.7,36.43,26.42
30.56,25.73,36.7,26.43
30.68,25.76,36.57,26.43
30.81,25.8,36.79,26.41
30.96,25.85,36.22,26.38
31.12,25.9,36.27,26.37
31.29,25.93,36.31,26.37
31.47,25.94,36.14,26.38
31.66,25.94,36.31,26.38
31.85,25.93,36.46,26.39
32.05,25.92,36.48,26.4
32.25,25.9,36.43,26.39
32.45,25.87,36.49,26.39
32.65,25.84,36.49,26.37
32.85,25.8,36.41,26.36
33.04,25.76,36.33,26.35
33.23,25.72,36.48,26.33
33.41,25.67,36.62,26.32
33.58,25.62,36.47,26.3
33.74,25.56,36.51,26.3
33.89,25.51,36.49,26.26
34.02,25.45,36.42,26.24
34.13,25.39,36.34,26.22
34.23,25.32,36.35,26.2
34.31,25.26,36.32,26.16
34.36,25.2,36.33,26.15
34.39,25.15,36.46,26.1
34.4,25.09,36.49,26.08
34.39,25.03,36.57,26.05
34.38,24.97,36.63,26.02
34.36,24.91,36.85,26
34.34,24.86,36.89,25.96
34.31,24.79,36.9,25.94
34.28,24.73,36.95,25.9
34.24,24.67,37.02,25.87
34.21,24.62,37.52,25.81
34.17,24.56,37.92,25.77
34.12,24.51,37.89,25.71
34.08,24.45,38.01,25.67
34.03,24.39,37.91,25.63
33.98,24.34,37.95,25.57
33.93,24.29,38.04,25.52
33.88,24.24,38.13,25.47
33.83,24.19,38.08,25.43
33.78,24.14,38.27,25.39
33.73,24.08,38.28,25.35
33.68,24.03,38.24,25.3
33.62,23.98,37.85,25.25
33.57,23.93,37.74,25.21
33.52,23.89,37.82,25.15
33.48,23.84,37.91,25.11
33.43,23.79,37.94,25.07
33.38,23.74,38.03,25.03
33.34,23.69,38.08,24.98
33.3,23.64,38.12,24.93
33.26,23.58,38.16,24.91
33.23,23.53,38.27,24.87
33.2,23.48,38.24,24.83
33.17,23.43,38.44,24.8
33.14,23.39,38.5,24.76
33.11,23.35,38.29,24.72
33.07,23.31,38.3,24.68
33.04,23.27,38.43,24.65
33,23.23,38.44,24.61
32.97,23.19,38.51,24.56
32.93,23.14,38.62,24.54
32.89,23.1,38.58,24.49
32.86,23.05,38.8,24.46
32.82,23,38.7,24.42
32.79,22.96,38.73,24.37
32.75,22.91,38.67,24.35
32.72,22.86,38.77,24.32
32.68,22.82,38.97,24.27
32.65,22.77,38.98,24.24
32.62,22.73,38.97,24.18
32.59,22.68,39.01,24.14
32.56,22.64,39.1,24.1
32.53,22.6,39.16,24.05
32.51,22.56,39.2,24.02
32.48,22.51,38.99,23.99
32.46,22.47,39.1,23.95
32.45,22.43,39.12,23.89
32.43,22.39,39.15,23.83
32.42,22.35,39.1,23.78
32.41,22.32,39.26,23.73
32.4,22.29,39.49,23.67
32.4,22.25,39.63,23.63
32.4,22.21,39.64,23.6
32.4,22.17,39.48,23.56
32.41,22.15,40.16,23.5
32.41,22.12,40.4,23.46
32.42,22.09,40.24,23.43
32.43,22.05,40.34,23.42
32.43,22.01,40.53,23.38
32.44,21.97,40.36,23.36
32.45,21.93,40.38,23.33
32.46,21.89,40.5,23.33
32.47,21.85,40.61,23.32
32.48,21.8,40.53,23.3
32.49,21.76,40.37,23.24
32.51,21.72,40.62,23.19
32.52,21.7,41,23.11
32.53,21.67,40.81,23.05
32.54,21.63,40.88,23.02
32.56,21.58,40.97,23
32.57,21.54,41.1,22.98
32.58,21.51,41.21,22.92
32.59,21.48,41.12,22.88
32.61,21.44,40.94,22.85
32.62,21.4,41.06,22.84
32.63,21.36,41.17,22.82
32.64,21.33,41.36,22.79
32.65,21.3,41.59,22.76
32.66,21.26,41.61,22.75
32.67,21.23,41.51,22.72
32.68,21.19,41.51,22.69
32.69,21.16,41.55,22.64
32.7,21.12,41.53,22.61
32.71,21.09,41.51,22.56
32.72,21.06,41.53,22.52
32.72,21.03,41.43,22.48
32.73,21.01,41.72,22.43
32.74,20.98,41.67,22.4
32.75,20.95,41.63,22.36
32.75,20.93,41.85,22.31
32.76,20.9,42.28,22.26
32.77,20.87,42.15,22.21
32.78,20.85,42.48,22.15
32.78,20.83,42.34,22.09
32.79,20.8,42.43,22.04
32.8,20.76,42.44,22.02
32.8,20.72,42.49,21.99
32.81,20.69,42.82,21.95
32.82,20.66,42.71,21.92
32.82,20.63,42.37,21.89
32.83,20.6,42.45,21.87
32.84,20.57,42.56,21.83
32.84,20.55,42.74,21.78
32.85,20.52,42.61,21.75
32.86,20.49,42.37,21.73
32.86,20.46,42.5,21.7
32.87,20.43,42.65,21.67
32.87,20.4,42.66,21.66
32.88,20.37,42.71,21.63
32.88,20.35,42.74,21.6
32.89,20.31,42.74,21.57
32.9,20.28,42.65,21.55
32.9,20.25,42.75,21.51
32.9,20.22,42.69,21.47
32.91,20.19,42.59,21.46
32.91,20.16,42.78,21.44
32.91,20.14,42.84,21.42
32.9,20.11,42.82,21.4
32.9,20.09,42.94,21.38
32.9,20.07,42.95,21.33
32.89,20.04,42.98,21.33
32.88,20.02,43.2,21.29
32.87,20,43.42,21.24
32.86,19.98,43.82,21.18
32.85,19.96,43.91,21.12
32.84,19.92,43.81,21.09
32.82,19.87,43.82,21.07
32.81,19.84,44.04,21.02
32.79,19.81,44.02,21
32.78,19.77,44.05,20.98
32.76,19.73,44.2,20.98
32.74,19.7,44.12,20.96
32.72,19.67,44.14,20.94
32.7,19.64,44.1,20.91
32.68,19.61,44.03,20.9
32.66,19.57,44.03,20.91
32.64,19.55,44.16,20.87
32.62,19.52,44.22,20.85
32.59,19.5,44.27,20.82
32.57,19.47,44.23,20.79
32.55,19.45,44.23,20.76
32.52,19.42,44.28,20.74
32.5,19.41,44.33,20.69
32.47,19.39,44.41,20.67
32.43,19.36,44.59,20.65
32.38,19.35,44.59,20.63
32.32,19.33,44.57,20.61
32.26,19.31,44.68,20.59
32.18,19.28,44.71,20.59
32.1,19.25,44.7,20.57
32.02,19.22,44.7,20.56
31.92,19.2,44.65,20.51
31.83,19.17,44.62,20.47
31.73,19.14,44.74,20.44
31.62,19.12,44.76,20.39
31.52,19.09,44.78,20.35
31.41,19.07,44.85,20.29
31.3,19.04,44.82,20.27
31.19,19.01,44.81,20.25
31.08,18.99,44.85,20.21
30.97,18.97,44.85,20.17
30.87,18.94,44.85,20.16
30.76,18.91,44.92,20.16
30.66,18.88,44.94,20.14
30.56,18.85,44.95,20.15
30.47,18.83,45,20.13
30.38,18.82,45.06,20.1
30.3,18.8,45.03,20.07
30.22,18.78,45.03,20.05
30.16,18.75,45.03,20.04
30.1,18.72,45.03,20.03
30.04,18.7,45.06,20.02
30,18.68,45.15,19.99
29.96,18.66,45.16,19.97
29.93,18.65,45.29,19.94
29.9,18.65,45.38,19.9
29.87,18.65,45.39,19.87
29.85,18.65,45.33,19.82
29.82,18.65,45.25,19.77
29.8,18.65,45.22,19.69
29.79,18.62,45.27,19.65
29.77,18.6,45.53,19.6
29.76,18.58,45.47,19.57
29.75,18.56,45.46,19.53
29.75,18.53,45.46,19.51
29.74,18.51,45.35,19.49
29.74,18.48,45.56,19.48
29.74,18.46,45.59,19.46
29.75,18.45,45.64,19.44
29.75,18.43,45.31,19.42
29.76,18.43,45.4,19.39
29.77,18.42,45.53,19.38
29.78,18.41,45.42,19.36
29.79,18.41,45.43,19.34
29.81,18.41,45.68,19.34
29.83,18.41,45.69,19.34
29.85,18.42,45.91,19.34
29.87,18.43,45.8,19.33
29.89,18.43,45.97,19.33
29.92,18.44,45.92,19.31
29.94,18.44,45.96,19.32
29.97,18.44,45.98,19.32
30,18.45,46.1,19.3
30.04,18.45,46,19.29
30.08,18.46,46.16,19.28
30.13,18.46,46.17,19.3
30.19,18.48,46.17,19.27
30.26,18.49,46.29,19.26
30.33,18.5,46.34,19.25
30.4,18.51,46.38,19.24
30.49,18.52,46.34,19.24
30.57,18.55,46.25,19.2
30.66,18.57,46.14,19.19
30.75,18.6,46.09,19.17
30.84,18.63,46.03,19.17
30.94,18.65,46.13,19.17
31.03,18.68,46.14,19.16
31.12,18.7,46.12,19.15
31.21,18.7,45.97,19.18
31.31,18.72,45.97,19.18
31.39,18.73,45.97,19.19
31.48,18.75,45.93,19.18
31.56,18.77,46,19.19
31.64,18.79,46.04,19.2
31.71,18.82,46.04,19.22
31.77,18.84,46.02,19.25
31.83,18.87,46.07,19.27
31.88,18.91,46.07,19.27
31.92,18.94,45.97,19.29
31.96,18.99,45.99,19.28
31.98,19.04,46.06,19.28
32,19.09,45.94,19.27
32,19.14,45.93,19.27
31.99,19.21,45.91,19.26
31.97,19.27,45.94,19.27
31.94,19.32,45.82,19.3
31.89,19.38,45.71,19.31
31.84,19.43,45.7,19.34
31.77,19.49,45.75,19.36
31.7,19.55,45.45,19.4
31.62,19.61,45.29,19.42
31.53,19.66,44.96,19.43
31.44,19.7,44.85,19.41
31.34,19.74,44.68,19.39
31.24,19.77,44.64,19.37
31.14,19.81,44.55,19.33
31.03,19.84,44.46,19.29
30.92,19.87,44.36,19.25
30.81,19.91,44.27,19.2
30.7,19.95,44.23,19.17
30.6,20,44.05,19.13
30.49,20.05,43.94,19.09
30.39,20.09,43.88,19.07
30.29,20.14,43.76,19.07
30.19,20.18,43.65,19.08
30.1,20.22,43.57,19.09
30.02,20.26,43.46,19.12
29.94,20.29,43.43,19.16
29.88,20.31,43.29,19.21
29.82,20.34,43.15,19.27
29.77,20.37,43.09,19.32
29.73,20.41,42.92,19.35
29.7,20.47,42.84,19.36
29.68,20.51,42.8,19.41
29.66,20.56,42.73,19.45
29.64,20.61,42.58,19.49
29.62,20.68,42.52,19.51
29.59,20.76,42.38,19.51
29.57,20.82,42.24,19.55
29.55,20.87,42.23,19.61
29.54,20.92,42.11,19.67
29.52,20.97,41.94,19.75
29.5,21.02,41.86,19.86
29.48,21.03,41.78,20.03
29.46,21.03,41.73,20.19
29.45,21.02,41.69,20.33
29.43,20.99,41.58,20.49
29.41,20.96,41.32,20.6
29.4,20.95,41.24,20.7
29.39,20.94,41.25,20.77
29.37,20.92,41.25,20.84
29.36,20.9,41.24,20.89
29.35,20.88,41.24,20.93
29.34,20.86,41.24,20.98
29.33,20.86,41.25,21
29.32,20.87,41.24,21.03
29.32,20.89,41.24,21.04
29.31,20.91,41.24,21.06
29.31,20.93,41.24,21.09
29.3,20.96,41.24,21.11
29.3,20.99,41.21,21.14
29.3,21.02,41.15,21.17
29.3,21.05,41.13,21.21
33.8,22.54,39.87,23.51
33.8,22.54,39.89,23.53
33.8,22.54,39.89,23.56
33.79,22.53,39.9,23.6
33.79,22.53,39.9,23.62
33.78,22.54,39.78,23.62
33.78,22.54,40,23.63
33.77,22.55,40.02,23.63
33.76,22.56,40.05,23.63
33.75,22.57,40.53,23.63
33.74,22.58,40.2,23.64
33.72,22.59,40.47,23.64
33.71,22.6,40.47,23.64
33.69,22.62,40,23.64
33.68,22.64,39.93,23.63
33.66,22.66,40.36,23.66
33.64,22.68,40.13,23.66
33.62,22.7,39.93,23.7
33.6,22.72,39.8,23.73
33.58,22.74,39.73,23.78
33.56,22.77,39.73,23.81
33.54,22.81,39.69,23.84
33.51,22.85,39.66,23.87
33.49,22.88,39.86,23.92
33.46,22.92,39.76,23.96
33.44,22.95,39.67,24.02
33.41,22.99,39.56,24.07
33.38,23.03,39.48,24.11
33.36,23.07,39.52,24.16
33.33,23.11,39.57,24.2
33.3,23.15,39.5,24.25
33.27,23.19,39.41,24.3
33.23,23.22,39.41,24.36
33.19,23.27,39.63,24.4
33.14,23.32,39.82,24.46
33.09,23.37,39.71,24.51
33.04,23.41,39.58,24.57
32.98,23.46,39.59,24.61
32.91,23.51,39.3,24.65
32.85,23.54,39.4,24.71
32.78,23.58,39.36,24.76
32.71,23.62,39.36,24.81
32.64,23.66,39.42,24.86
32.57,23.69,39.27,24.91
32.49,23.73,39.18,24.97
32.42,23.77,39.14,25.01
32.34,23.81,39.12,25.05
32.26,23.85,39.24,25.09
32.19,23.89,39.2,25.13
32.11,23.93,39.22,25.17
32.03,23.95,39.18,25.24
31.96,23.99,39.19,25.26
31.89,24.02,39.15,25.3
31.82,24.04,39.12,25.37
31.75,24.08,39.24,25.41
31.68,24.11,38.94,25.46
31.62,24.15,38.95,25.49
31.56,24.19,38.87,25.53
31.5,24.23,38.96,25.57
31.45,24.26,38.81,25.62
31.4,24.3,38.8,25.66
31.35,24.33,38.64,25.71
31.31,24.38,38.63,25.75
31.26,24.43,38.39,25.8
31.21,24.48,38.35,25.83
31.17,24.51,38.61,25.88
31.12,24.55,38.38,25.9
31.08,24.59,38.58,25.92
31.03,24.64,38.56,25.95
30.98,24.72,38.67,25.94
30.94,24.77,38.68,25.98
30.9,24.81,38.81,26.04
30.85,24.84,38.89,26.09
30.81,24.87,38.92,26.15
30.77,24.89,38.95,26.21
30.73,24.92,38.87,26.25
30.69,24.96,38.85,26.27
30.65,24.98,38.83,26.32
30.62,25.02,38.65,26.34
30.58,25.06,38.53,26.38
30.55,25.09,38.6,26.42
30.51,25.11,38.64,26.47
30.48,25.14,38.6,26.51
30.45,25.17,38.55,26.55
30.42,25.2,38.51,26.57
30.4,25.22,38.48,26.62
30.38,25.25,38.33,26.62
30.35,25.26,37.99,26.65
30.33,25.28,38.3,26.66
30.32,25.29,38.4,26.67
30.3,25.3,38.43,26.68
30.29,25.31,38.6,26.71
30.27,25.32,38.65,26.72
30.26,25.33,38.61,26.74
30.25,25.35,38.64,26.75
30.24,25.36,38.74,26.77
30.23,25.36,38.69,26.78
30.21,25.35,38.63,26.8
30.2,25.35,38.76,26.8
30.2,25.35,38.72,26.81
30.19,25.36,38.71,26.8
30.18,25.36,38.84,26.81
30.17,25.38,38.86,26.79
30.16,25.39,38.71,26.78
30.15,25.39,38.72,26.79
30.14,25.41,39.06,26.79
30.13,25.43,39.04,26.79
30.13,25.44,38.87,26.79
30.12,25.45,38.71,26.81
30.11,25.46,38.59,26.82
30.1,25.47,38.53,26.83
30.09,25.48,38.51,26.83
30.08,25.49,38.42,26.83
30.07,25.5,38.39,26.82
30.06,25.51,38.41,26.82
30.06,25.52,38.39,26.81
30.04,25.52,38.33,26.81
30.03,25.53,38.39,26.81
30.02,25.53,38.45,26.82
30.01,25.53,38.45,26.83
30,25.52,38.42,26.85
29.99,25.52,38.42,26.88
29.97,25.53,38.4,26.88
29.96,25.54,38.37,26.89
29.95,25.57,38.25,26.88
29.93,25.57,37.86,26.9
29.92,25.57,38.11,26.88
29.91,25.55,38.15,26.86
29.89,25.53,37.93,26.83
29.88,25.53,38.09,26.79
29.86,25.53,38.09,26.77
29.85,25.52,38.24,26.76
29.83,25.53,38.35,26.74
29.82,25.54,38.64,26.73
29.8,25.57,38.69,26.7
29.79,25.6,38.94,26.68
29.77,25.63,39.36,26.67
29.76,25.66,39.46,26.67
29.74,25.69,39.68,26.66
29.73,25.72,39.87,26.66
29.72,25.75,39.77,26.66
29.7,25.78,39.26,26.65
29.69,25.82,39.02,26.64
29.68,25.85,38.95,26.64
29.66,25.87,38.79,26.63
29.65,25.88,38.91,26.64
29.64,25.9,38.76,26.63
29.63,25.9,38.9,26.63
29.62,25.89,38.83,26.64
29.61,25.88,38.88,26.64
29.6,25.87,38.96,26.62
29.59,25.85,38.95,26.62
29.58,25.83,38.8,26.61
29.58,25.8,38.43,26.6
29.57,25.77,38.35,26.6
29.57,25.74,38.24,26.58
29.57,25.71,38.11,26.55
29.56,25.67,38.17,26.54
29.56,25.64,38.35,26.51
29.56,25.61,38.25,26.48
29.56,25.57,38.47,26.45
29.56,25.53,38.57,26.41
29.57,25.49,38.29,26.38
29.57,25.45,37.81,26.34
29.57,25.4,37.62,26.32
29.58,25.35,37.73,26.29
29.58,25.29,37.64,26.26
29.59,25.24,37.44,26.22
29.59,25.18,37.43,26.2
29.6,25.13,37.53,26.15
29.61,25.08,37.62,26.1
29.61,25.02,37.63,26.07
29.62,24.96,37.6,26.03
29.63,24.91,37.66,25.98
29.64,24.86,37.85,25.92
29.65,24.8,38.31,25.88
29.66,24.74,38.02,25.85
29.67,24.7,37.95,25.78
29.68,24.66,38.04,25.72
29.69,24.61,38.17,25.69
29.7,24.56,38.4,25.66
29.71,24.52,38.71,25.62
29.73,24.46,39.01,25.61
29.75,24.4,39.18,25.6
29.77,24.35,39.07,25.57
29.8,24.3,39.11,25.54
29.83,24.25,38.96,25.5
29.86,24.19,38.82,25.48
29.89,24.13,38.89,25.44
29.93,24.07,38.92,25.4
29.96,24.01,38.94,25.37
30,23.95,38.99,25.34
30.04,23.9,39.32,25.29
30.08,23.85,39.35,25.25
30.12,23.8,39.3,25.2
30.16,23.76,39.39,25.14
30.2,23.71,39.31,25.09
30.24,23.66,39.35,25.03
30.28,23.61,39.4,24.96
30.32,23.56,39.46,24.9
30.36,23.5,39.73,24.86
30.39,23.44,39.81,24.83
30.43,23.4,39.65,24.77
30.46,23.35,39.69,24.72
30.49,23.31,39.47,24.66
30.52,23.27,39.45,24.61
30.54,23.23,39.63,24.56
30.56,23.18,39.69,24.52
30.58,23.14,39.64,24.49
30.59,23.09,39.81,24.46
30.6,23.05,39.89,24.43
30.6,23,39.91,24.39
30.6,22.96,39.71,24.36
30.59,22.92,39.77,24.33
30.58,22.88,39.86,24.29
30.56,22.83,40,24.26
30.54,22.79,40.08,24.23
30.51,22.75,40.17,24.18
30.48,22.7,40.21,24.15
30.44,22.65,40.24,24.11
30.41,22.6,40.17,24.07
30.37,22.55,40.26,24.03
30.33,22.51,40.28,23.97
30.28,22.46,40.3,23.94
30.24,22.41,40.4,23.9
30.2,22.37,40.37,23.85
30.15,22.32,40.37,23.82
30.11,22.28,40.3,23.78
30.07,22.24,40.44,23.74
30.03,22.21,40.53,23.68
29.99,22.18,40.62,23.63
29.95,22.14,40.64,23.59
29.92,22.1,40.73,23.56
29.89,22.06,40.79,23.52
29.86,22.02,40.89,23.49
29.84,21.98,40.85,23.47
29.82,21.93,40.96,23.44
29.81,21.89,41.08,23.4
29.8,21.85,41.13,23.35
29.8,21.82,41.14,23.29
29.8,21.78,41.25,23.26
29.81,21.74,41.19,23.23
29.82,21.7,41.26,23.21
29.84,21.66,41.29,23.18
29.86,21.62,41.34,23.15
29.88,21.59,41.38,23.1
29.91,21.55,41.55,23.09
29.94,21.51,41.38,23.08
29.97,21.47,41.38,23.07
30,21.43,41.4,23.04
30.04,21.39,41.31,22.99
30.08,21.35,41.27,22.94
30.11,21.3,41.38,22.92
30.15,21.26,41.41,22.87
30.19,21.22,41.5,22.84
30.24,21.21,41.63,22.74
30.28,21.17,41.5,22.7
30.32,21.13,41.6,22.68
30.36,21.09,41.63,22.66
30.41,21.05,41.74,22.64
30.45,21.01,41.67,22.6
30.49,20.97,41.74,22.55
30.53,20.93,41.81,22.51
30.57,20.89,41.86,22.48
30.61,20.86,41.95,22.43
30.64,20.82,41.87,22.41
30.68,20.79,41.89,22.37
30.71,20.75,41.94,22.34
30.74,20.72,41.97,22.3
30.77,20.68,42.06,22.29
30.8,20.64,42.16,22.27
30.82,20.61,42.17,22.23
30.85,20.58,42.32,22.18
30.88,20.56,42.34,22.11
30.9,20.54,42.27,22.05
30.92,20.52,42.51,21.98
30.95,20.49,42.56,21.94
30.97,20.47,42.49,21.9
31,20.45,42.5,21.85
31.02,20.42,42.44,21.82
31.04,20.39,42.55,21.78
31.06,20.36,42.61,21.75
31.08,20.32,42.73,21.75
31.1,20.29,42.75,21.73
31.12,20.26,42.85,21.71
31.14,20.22,42.93,21.69
31.16,20.19,42.96,21.65
31.17,20.15,43.02,21.63
31.19,20.12,42.95,21.59
31.2,20.1,43.03,21.55
31.21,20.07,43.24,21.52
31.22,20.04,43.13,21.48
31.22,20.01,43.15,21.44
31.23,19.98,43.13,21.43
31.23,19.95,43.06,21.39
31.23,19.92,43.09,21.34
31.23,19.9,43.27,21.28
31.23,19.87,43.2,21.25
31.22,19.84,43.26,21.22
31.21,19.81,43.3,21.21
31.2,19.79,43.4,21.16
31.18,19.75,43.45,21.15
31.16,19.73,43.57,21.11
31.14,19.71,43.62,21.08
31.1,19.69,43.8,21.03
31.07,19.65,43.86,21
31.03,19.62,43.79,20.94
30.98,19.6,44.12,20.88
30.93,19.57,44.38,20.82
30.88,19.55,44.02,20.77
30.82,19.52,43.93,20.75
30.76,19.49,44.06,20.74
30.7,19.46,44.08,20.72
30.64,19.43,44.2,20.72
30.58,19.4,44.13,20.7
30.51,19.37,44.16,20.69
30.44,19.34,44.13,20.66
30.38,19.31,44.22,20.64
30.31,19.28,44.35,20.62
30.24,19.25,44.36,20.59
30.17,19.22,44.35,20.57
30.11,19.19,44.45,20.55
30.04,19.17,44.53,20.53
29.98,19.13,44.56,20.52
29.92,19.11,44.57,20.49
29.86,19.08,44.64,20.46
29.8,19.06,44.61,20.43
29.74,19.03,44.73,20.41
29.69,19.01,44.75,20.39
29.64,18.98,44.75,20.36
29.6,18.96,44.81,20.35
29.56,18.93,44.84,20.33
29.52,18.92,44.92,20.28
29.49,18.9,44.95,20.24
29.46,18.89,44.99,20.2
29.43,18.89,45.05,20.14
29.41,18.87,45.16,20.13
29.39,18.84,45.17,20.11
29.37,18.82,45.31,20.1
29.35,18.79,45.3,20.08
29.33,18.77,45.35,20.05
29.32,18.74,45.35,20.02
29.31,18.72,45.37,19.98
29.29,18.69,45.43,19.94
29.28,18.66,45.45,19.92
29.27,18.63,45.5,19.89
29.25,18.62,45.82,19.85
29.24,18.62,45.84,19.81
29.23,18.61,45.94,19.78
29.21,18.6,45.81,19.76
29.19,18.58,45.84,19.76
29.18,18.55,45.94,19.76
29.16,18.54,45.98,19.72
29.13,18.51,46.03,19.72
29.11,18.49,46.09,19.69
29.08,18.47,46.24,19.67
29.05,18.45,46.21,19.66
29.02,18.44,46.33,19.62
28.98,18.43,46.41,19.6
28.94,18.42,46.45,19.59
28.9,18.42,46.44,19.57
28.85,18.42,46.47,19.55
28.78,18.43,46.58,19.52
28.7,18.44,46.67,19.49
28.61,18.45,46.75,19.49
28.51,18.48,46.89,19.45
28.4,18.52,46.91,19.4
28.28,18.53,46.69,19.39
28.16,18.53,46.74,19.39
28.03,18.52,46.76,19.4
27.9,18.51,46.77,19.42
27.76,18.51,46.79,19.41
27.62,18.51,46.91,19.4
27.47,18.51,47.06,19.39
27.33,18.5,46.9,19.39
27.19,18.5,46.96,19.37
27.04,18.49,46.99,19.37
26.9,18.5,46.96,19.34
26.77,18.5,46.98,19.34
26.64,18.5,47.07,19.33
26.51,18.51,47.13,19.31
26.39,18.51,47.23,19.32
26.28,18.54,47,19.31
26.18,18.57,46.9,19.29
26.09,18.61,46.86,19.28
26.01,18.66,47.06,19.26
25.94,18.71,47.17,19.26
25.88,18.76,47.06,19.27
25.84,18.81,46.91,19.29
25.81,18.85,46.71,19.32
25.8,18.91,46.99,19.33
25.8,18.96,47.22,19.37
25.81,19.01,47.1,19.42
25.82,19.07,46.73,19.46
25.83,19.12,46.5,19.51
25.85,19.16,46.5,19.56
25.88,19.2,46.43,19.61
25.9,19.26,46.42,19.63
25.93,19.3,46.51,19.69
25.97,19.34,46.53,19.77
26,19.38,46.5,19.83
26.04,19.42,46.39,19.9
26.08,19.46,46.43,19.96
26.12,19.5,46.45,20.03
26.16,19.55,46.4,20.08
26.2,19.6,46.3,20.14
26.24,19.64,46.3,20.21
26.28,19.68,46.22,20.27
26.32,19.72,46.23,20.33
26.36,19.77,46.36,20.37
26.4,19.82,46.34,20.41
26.43,19.86,46.56,20.47
26.47,19.9,46.48,20.52
26.5,19.94,46.6,20.58
26.52,19.98,46.66,20.63
26.55,20.02,46.56,20.69
26.57,20.07,46.51,20.72
26.58,20.12,46.23,20.75
26.59,20.16,46.2,20.81
26.6,20.22,46.07,20.84
26.6,20.27,45.92,20.9
26.6,20.32,45.97,20.94
26.59,20.37,46.07,20.98
26.59,20.42,46.04,21.03
26.59,20.46,45.79,21.07
26.58,20.49,45.63,21.13
26.58,20.52,45.54,21.19
26.57,20.57,45.67,21.23
26.57,20.64,45.83,21.25
26.56,20.69,45.74,21.31
26.56,20.75,45.93,21.34
26.55,20.79,45.81,21.37
26.55,20.81,45.55,21.39
26.54,20.8,45.31,21.41
26.54,20.79,45.3,21.41
26.53,20.76,45.31,21.42
26.53,20.75,45.33,21.41
26.52,20.74,45.21,21.4
26.52,20.74,45.04,21.39
26.51,20.74,44.95,21.39
26.51,20.74,44.86,21.39
26.51,20.75,44.77,21.38
26.5,20.76,44.73,21.4
26.5,20.78,44.68,21.41
26.5,20.8,44.6,21.43
26.5,20.83,44.53,21.43
26.5,20.86,44.47,21.45
26.5,20.89,44.37,21.47
26.5,20.92,44.23,21.5
26.5,20.95,44.14,21.54
26.5,20.99,44.07,21.56
26.5,21.03,43.94,21.59
26.51,21.07,43.88,21.63
26.51,21.11,43.78,21.67
26.51,21.14,43.74,21.72
26.51,21.18,43.67,21.76
26.52,21.22,43.52,21.8
26.52,21.26,43.42,21.85
26.52,21.3,43.36,21.88
26.53,21.34,43.23,21.93
26.53,21.39,43.15,21.97
26.53,21.42,43.12,22.03
26.54,21.46,43.06,22.08
26.54,21.5,42.98,22.13
26.54,21.54,42.89,22.18
26.55,21.58,42.78,22.22
26.55,21.63,42.75,22.23
26.55,21.66,42.59,22.26
26.56,21.69,42.55,22.3
26.56,21.72,42.45,22.32
26.57,21.74,42.44,22.35
26.57,21.76,42.36,22.37
26.57,21.78,42.36,22.4
26.58,21.79,42.23,22.42
26.58,21.81,42.15,22.45
26.58,21.83,42.11,22.46
26.59,21.85,41.94,22.47
26.59,21.88,41.96,22.49
26.59,21.89,41.92,22.55
26.6,21.91,41.76,22.57
26.6,21.92,41.76,22.59
24.8,22.41,42.83,23.38
24.82,22.42,42.9,23.39
24.89,22.44,42.86,23.38
25,22.45,43.08,23.39
25.14,22.47,43.16,23.37
25.32,22.49,43.16,23.35
25.53,22.49,43.05,23.36
25.76,22.49,43.13,23.35
26.02,22.5,43.13,23.33
26.3,22.5,43.05,23.33
26.6,22.51,42.84,23.31
26.91,22.52,42.82,23.31
27.24,22.53,42.77,23.31
27.58,22.55,42.76,23.32
27.92,22.58,42.8,23.3
28.26,22.61,42.82,23.29
28.61,22.64,42.87,23.28
28.95,22.67,42.79,23.3
29.28,22.7,42.85,23.32
29.61,22.74,42.88,23.33
29.92,22.77,42.92,23.37
30.22,22.8,42.92,23.39
30.5,22.82,42.87,23.44
30.76,22.86,42.88,23.47
30.99,22.91,42.81,23.48
31.19,22.95,42.88,23.51
31.37,22.99,42.79,23.54
31.51,23.02,42.82,23.58
31.61,23.06,42.74,23.61
31.68,23.1,42.71,23.64
31.7,23.14,42.85,23.69
31.7,23.2,43.02,23.71
31.69,23.25,42.95,23.77
31.68,23.29,42.99,23.83
31.66,23.32,43.05,23.9
31.64,23.36,43.05,23.95
31.62,23.39,42.98,24.01
31.59,23.41,42.93,24.07
31.56,23.44,42.94,24.12
31.53,23.47,42.9,24.18
31.5,23.51,42.69,24.2
31.46,23.54,42.6,24.25
31.43,23.57,42.65,24.28
31.39,23.61,42.54,24.29
31.35,23.64,42.45,24.33
31.31,23.66,42.46,24.38
31.28,23.69,42.51,24.42
31.24,23.72,42.51,24.47
31.2,23.76,42.51,24.51
31.16,23.79,42.49,24.56
31.13,23.82,42.5,24.6
31.09,23.85,42.51,24.65
31.06,23.88,42.42,24.69
31.03,23.91,42.29,24.74
31,23.94,42.29,24.77
30.98,23.96,42.29,24.82
30.95,23.98,42.31,24.87
30.93,24.01,42.25,24.91
30.92,24.04,42.27,24.94
30.91,24.08,42.36,24.97
30.9,24.12,42.36,25
30.89,24.16,42.27,25.03
30.89,24.2,42.3,25.06
30.88,24.24,42.13,25.09
30.88,24.27,42.14,25.14
30.87,24.3,42.1,25.18
30.86,24.32,42.21,25.24
30.85,24.36,42.2,25.26
30.85,24.39,42,25.29
30.84,24.42,41.99,25.33
30.83,24.45,42.18,25.36
30.82,24.49,42.12,25.39
30.82,24.52,41.87,25.42
30.81,24.55,41.93,25.45
30.8,24.59,41.94,25.48
30.79,24.62,41.92,25.52
30.79,24.66,41.74,25.54
30.78,24.7,41.78,25.55
30.78,24.74,41.84,25.59
30.77,24.78,41.76,25.61
30.77,24.81,41.88,25.64
30.77,24.84,41.6,25.7
30.77,24.88,41.42,25.73
30.77,24.91,41.35,25.79
30.77,24.95,41.34,25.84
30.77,24.98,41.32,25.9
30.77,25.02,41.24,25.95
30.78,25.05,41.28,26.01
30.78,25.09,41.15,26.04
30.79,25.13,41.11,26.07
30.8,25.17,40.99,26.11
30.81,25.21,41.05,26.14
30.82,25.24,40.99,26.2
30.83,25.28,41.26,26.24
30.85,25.32,41.33,26.28
30.86,25.36,41.26,26.32
30.88,25.4,40.79,26.35
30.89,25.45,40.6,26.36
30.91,25.49,40.52,26.37
30.93,25.51,40.62,26.4
30.94,25.53,40.59,26.42
30.96,25.54,41.19,26.45
30.98,25.56,41.06,26.45
31,25.57,41.26,26.46
31.02,25.58,41.33,26.44
31.04,25.57,41.54,26.46
31.06,25.57,41.61,26.44
31.08,25.56,41.49,26.44
31.1,25.55,41.51,26.44
31.12,25.55,42.01,26.44
31.14,25.56,41.95,26.42
31.15,25.56,41.5,26.41
31.17,25.56,41.57,26.42
31.19,25.56,41.39,26.43
31.21,25.57,41.39,26.43
31.23,25.58,41.48,26.43
31.24,25.6,41.44,26.41
31.26,25.61,41.34,26.41
31.27,25.62,41.4,26.41
31.29,25.61,40.94,26.43
31.3,25.59,41.33,26.46
31.31,25.57,43.65,26.47
31.32,25.54,41.78,26.48
31.34,25.51,40.34,26.47
31.35,25.49,40.32,26.46
31.36,25.48,40.23,26.42
31.37,25.45,40.26,26.43
31.38,25.43,40.52,26.41
31.39,25.41,40.49,26.39
31.4,25.39,40.36,26.38
31.41,25.39,40.47,26.34
31.42,25.39,40.41,26.3
31.43,25.38,40.25,26.29
31.44,25.37,40.26,26.27
31.44,25.35,40.33,26.25
31.45,25.33,40.42,26.24
31.46,25.3,40.38,26.25
31.47,25.27,40.27,26.24
31.48,25.24,40.4,26.23
31.49,25.2,40.29,26.21
31.5,25.17,40.29,26.17
31.51,25.13,40.18,26.16
31.52,25.09,40.17,26.12
31.53,25.04,40.66,26.1
31.54,25,40.67,26.07
31.55,24.95,40.9,26.05
31.56,24.91,40.44,26
31.57,24.88,40.38,25.93
31.58,24.84,40.37,25.89
31.59,24.79,40.4,25.85
31.6,24.73,40.43,25.83
31.61,24.68,40.45,25.78
31.62,24.62,40.47,25.76
31.64,24.58,40.49,25.7
31.65,24.53,40.52,25.67
31.66,24.48,40.55,25.64
31.68,24.43,40.65,25.6
31.69,24.39,40.63,25.55
31.71,24.33,40.64,25.52
31.72,24.28,40.63,25.48
31.74,24.23,40.69,25.45
31.75,24.18,40.73,25.41
31.77,24.14,40.69,25.35
31.78,24.09,40.85,25.32
31.8,24.05,40.87,25.27
31.82,24.01,40.89,25.22
31.84,23.96,40.99,25.18
31.85,23.91,40.95,25.15
31.87,23.86,40.98,25.11
31.89,23.82,40.95,25.05
31.91,23.77,40.98,25.01
31.92,23.72,41.06,24.97
31.94,23.68,41.06,24.9
31.96,23.63,41.06,24.86
31.98,23.59,41.11,24.81
32,23.54,41.17,24.78
32.02,23.49,41.27,24.75
32.04,23.44,41.37,24.72
32.06,23.4,41.36,24.68
32.08,23.36,41.36,24.63
32.1,23.31,41.43,24.6
32.12,23.27,41.77,24.55
32.15,23.23,41.94,24.52
32.18,23.2,41.75,24.47
32.22,23.16,41.74,24.44
32.26,23.13,41.83,24.41
32.3,23.09,41.82,24.38
32.35,23.06,41.87,24.32
32.4,23.03,41.93,24.24
32.45,22.99,42.04,24.2
32.5,22.95,42.23,24.16
32.55,22.92,42.54,24.09
32.61,22.87,42.4,24.06
32.66,22.81,42.65,24.05
32.72,22.78,42.64,23.99
32.77,22.74,42.45,23.95
32.83,22.69,42.59,23.92
32.88,22.65,42.43,23.85
32.93,22.59,42.38,23.81
32.98,22.53,42.42,23.74
33.03,22.48,42.46,23.66
33.07,22.43,42.46,23.58
33.12,22.38,42.29,23.52
33.16,22.35,42.34,23.45
33.19,22.32,42.52,23.43
33.22,22.29,42.59,23.4
33.25,22.27,42.58,23.34
33.27,22.25,42.69,23.29
33.29,22.21,42.83,23.26
33.3,22.17,42.95,23.22
33.3,22.12,43,23.19
33.3,22.07,43.06,23.16
33.28,22.04,43.02,23.1
33.26,22,43.01,23.08
33.23,21.96,42.99,23.05
33.2,21.92,43.06,23
33.15,21.88,42.92,22.95
33.1,21.81,43.02,22.93
33.05,21.76,43.05,22.88
32.98,21.72,42.84,22.83
32.92,21.68,42.72,22.79
32.85,21.63,42.72,22.77
32.78,21.59,42.85,22.74
32.7,21.55,43.08,22.73
32.63,21.52,42.99,22.69
32.55,21.5,42.92,22.63
32.47,21.47,43,22.59
32.39,21.44,43.07,22.56
32.31,21.4,42.91,22.54
32.23,21.36,42.79,22.53
32.15,21.32,42.88,22.51
32.08,21.3,43.02,22.45
32.01,21.26,43.03,22.43
31.94,21.23,43.22,22.4
31.87,21.2,43.15,22.36
31.81,21.18,43.32,22.31
31.76,21.16,43.24,22.26
31.71,21.12,43.44,22.24
31.66,21.08,43.36,22.23
31.63,21.05,43.42,22.2
31.6,21.01,43.48,22.18
31.58,20.97,43.47,22.17
31.55,20.94,43.52,22.14
31.53,20.92,43.67,22.09
31.51,20.9,43.75,22.05
31.49,20.88,43.66,21.99
31.47,20.86,43.53,21.94
31.46,20.82,43.7,21.92
31.44,20.79,43.78,21.9
31.42,20.76,43.96,21.86
31.41,20.74,44.26,21.81
31.39,20.72,44.47,21.77
31.38,20.69,44.3,21.75
31.36,20.65,43.86,21.74
31.35,20.62,44.14,21.71
31.34,20.6,44.35,21.69
31.32,20.56,43.94,21.68
31.31,20.54,44.22,21.64
31.3,20.52,44.29,21.59
31.28,20.49,44.65,21.56
31.27,20.46,44.53,21.53
31.26,20.44,44.56,21.49
31.24,20.42,44.17,21.43
31.23,20.4,44.51,21.39
31.21,20.37,44.32,21.35
31.19,20.34,44.36,21.31
31.18,20.32,44.22,21.28
31.16,20.31,44.33,21.22
31.14,20.29,44.7,21.2
31.12,20.27,44.35,21.17
31.1,20.24,44.51,21.17
31.08,20.21,44.19,21.16
31.06,20.18,44.49,21.16
31.03,20.16,44.44,21.14
31.01,20.15,44.41,21.1
30.98,20.13,45.13,21.1
30.96,20.12,44.62,21.06
30.93,20.08,44.42,21.07
30.91,20.07,44.54,21.03
30.88,20.05,44.64,21
30.85,20.03,44.49,20.96
30.83,20,44.73,20.94
30.8,19.98,44.62,20.9
30.77,19.97,44.41,20.85
30.75,19.94,44.84,20.82
30.72,19.92,44.92,20.78
30.69,19.91,44.73,20.73
30.67,19.89,44.39,20.68
30.64,19.87,44.32,20.66
30.62,19.84,44.32,20.65
30.59,19.82,44.3,20.63
30.57,19.78,44.13,20.63
30.55,19.75,44.26,20.62
30.53,19.72,44.5,20.6
30.5,19.7,44.47,20.57
30.48,19.68,44.71,20.55
30.47,19.66,44.43,20.52
30.45,19.64,44.68,20.5
30.43,19.63,45.14,20.45
30.41,19.6,45.05,20.46
30.4,19.59,45.08,20.43
30.39,19.58,45.1,20.4
30.37,19.55,44.68,20.39
30.36,19.53,44.5,20.38
30.35,19.52,44.69,20.37
30.34,19.5,44.54,20.36
30.33,19.47,44.59,20.36
30.32,19.46,44.78,20.34
30.3,19.45,44.73,20.31
30.29,19.42,44.6,20.31
30.28,19.41,44.68,20.28
30.27,19.38,44.6,20.28
30.26,19.36,45.02,20.26
30.25,19.34,44.84,20.23
30.25,19.33,44.84,20.19
30.24,19.31,44.91,20.18
30.23,19.29,45.18,20.14
30.22,19.27,44.73,20.12
30.21,19.25,45.22,20.1
30.2,19.23,45.19,20.08
30.19,19.22,44.9,20.06
30.18,19.21,44.89,20.02
30.17,19.2,44.83,19.99
30.17,19.19,45,19.96
30.16,19.17,45.42,19.95
30.15,19.15,45.48,19.95
30.14,19.14,45.2,19.93
30.13,19.14,45.23,19.88
30.12,19.13,45.03,19.85
30.11,19.11,44.94,19.81
30.1,19.09,45.12,19.8
30.09,19.09,45.1,19.75
30.08,19.08,45.4,19.73
30.07,19.07,45.4,19.7
30.06,19.05,44.98,19.69
30.05,19.03,45.43,19.69
30.04,19,45.31,19.72
30.04,18.98,45.64,19.72
30.03,18.97,45.6,19.69
30.02,18.94,45.76,19.7
30.01,18.93,45.69,19.66
30,18.92,45.59,19.61
29.99,18.89,45.79,19.6
29.98,18.85,45.59,19.62
29.98,18.83,45.7,19.62
29.97,18.83,45.58,19.58
29.96,18.83,45.52,19.54
29.95,18.81,45.2,19.54
29.94,18.79,45.52,19.56
29.93,18.78,45.78,19.55
29.92,18.78,45.54,19.52
29.91,18.78,45.02,19.49
29.9,18.77,45.12,19.47
29.89,18.77,45.1,19.46
29.88,18.77,45.23,19.44
29.87,18.77,45.53,19.42
29.85,18.77,45.94,19.41
29.84,18.78,45.98,19.39
29.83,18.79,45.93,19.38
29.81,18.78,45.73,19.41
29.8,18.79,45.98,19.41
29.78,18.78,45.81,19.44
29.76,18.78,45.61,19.46
29.74,18.79,45.76,19.45
29.71,18.81,45.62,19.45
29.68,18.83,45.71,19.44
29.65,18.86,46.11,19.43
29.61,18.89,46.06,19.42
29.57,18.9,45.53,19.43
29.53,18.92,45.91,19.43
29.49,18.93,45.82,19.43
29.44,18.95,45.62,19.42
29.39,18.97,45.83,19.41
29.35,18.99,45.82,19.41
29.3,19.01,45.82,19.41
29.25,19.04,45.82,19.41
29.2,19.09,45.69,19.37
29.15,19.13,45.65,19.38
29.1,19.17,45.8,19.36
29.05,19.2,45.75,19.37
29,19.24,45.78,19.37
28.95,19.27,45.76,19.39
28.91,19.3,45.76,19.4
28.86,19.33,45.73,19.43
28.82,19.36,45.72,19.43
28.78,19.37,45.68,19.48
28.74,19.4,45.66,19.49
28.7,19.42,45.67,19.51
28.66,19.45,45.68,19.52
28.63,19.47,45.7,19.53
28.6,19.49,45.66,19.55
28.57,19.51,45.82,19.58
28.55,19.52,45.65,19.61
28.52,19.53,45.49,19.64
28.5,19.54,45.47,19.67
28.47,19.54,45.33,19.7
28.45,19.55,45.32,19.71
28.43,19.57,45.42,19.7
28.41,19.58,45.47,19.72
28.39,19.59,45.43,19.74
28.37,19.59,45.45,19.77
28.35,19.6,45.46,19.77
28.33,19.6,45.39,19.78
28.32,19.62,45.39,19.77
28.31,19.64,45.36,19.78
28.29,19.65,45.38,19.81
28.28,19.68,45.37,19.8
28.27,19.7,45.38,19.83
28.27,19.72,45.34,19.84
28.26,19.74,45.25,19.88
28.25,19.78,45.18,19.88
28.25,19.82,45.19,19.9
28.25,19.85,45.25,19.92
28.25,19.88,45.32,19.96
28.25,19.92,45.35,19.99
28.25,19.96,45.25,20.02
28.26,20.01,45.14,20.05
28.27,20.05,44.79,20.12
28.28,20.08,44.93,20.19
28.29,20.12,44.68,20.24
28.3,20.18,44.64,20.26
28.32,20.23,44.76,20.31
28.34,20.28,44.52,20.36
28.38,20.33,44.38,20.41
28.41,20.37,44.36,20.42
28.46,20.38,44.23,20.45
28.51,20.38,44.13,20.47
28.56,20.37,43.98,20.49
28.62,20.37,43.75,20.49
28.69,20.38,43.68,20.48
28.75,20.39,43.54,20.48
28.82,20.41,43.48,20.47
28.89,20.42,43.4,20.51
28.96,20.46,43.31,20.5
29.03,20.49,43.14,20.52
29.1,20.54,43,20.53
29.17,20.59,42.83,20.54
29.24,20.65,42.74,20.55
29.31,20.71,42.58,20.57
29.38,20.77,42.44,20.6
29.44,20.84,42.35,20.63
29.5,20.9,42.27,20.68
29.56,20.96,42.18,20.74
29.61,21.01,42,20.81
29.66,21.06,41.81,20.9
29.7,21.11,41.66,20.98
29.73,21.16,41.61,21.08
29.76,21.24,41.46,21.12
29.78,21.32,41.34,21.17
29.8,21.39,41.18,21.24
29.8,21.46,41.06,21.31
29.8,21.53,41,21.39
29.79,21.59,40.86,21.46
29.79,21.66,40.73,21.52
29.78,21.74,40.55,21.58
29.76,21.8,40.46,21.66
29.75,21.84,40.36,21.76
29.73,21.89,40.24,21.83
29.71,21.92,40.09,21.9
29.69,21.95,39.91,21.96
29.67,21.97,39.76,22.02
29.65,22,39.67,22.05
29.62,22.01,39.61,22.09
29.6,22.03,39.47,22.11
29.58,22.04,39.31,22.13
29.55,22.04,39.21,22.14
29.53,22.04,39.12,22.14
29.5,22.03,39,22.16
29.48,22.02,38.86,22.16
29.45,22.01,38.76,22.15
29.43,21.99,38.65,22.15
29.41,21.98,38.57,22.13
29.39,21.97,38.48,22.12
29.37,21.95,38.44,22.11
29.35,21.93,38.44,22.1
29.34,21.91,38.35,22.1
29.33,21.9,38.27,22.07
29.32,21.88,38.26,22.06
29.31,21.87,38.16,22.05
29.3,21.86,38.14,22.05
29.3,21.85,38.1,22.03
31.4,23.1,40.24,23.33
31.41,23.14,40.31,23.36
31.41,23.17,40.3,23.41
31.42,23.19,40.26,23.47
31.43,23.21,40.3,23.52
31.44,23.24,40.25,23.54
31.45,23.26,40.33,23.58
31.47,23.29,40.34,23.59
31.48,23.3,40.31,23.63
31.49,23.32,40.3,23.64
31.5,23.34,40.35,23.67
31.52,23.37,40.29,23.68
31.53,23.41,40.23,23.69
31.54,23.45,40.19,23.69
31.56,23.48,40.14,23.73
31.57,23.52,40.25,23.74
31.58,23.56,40.34,23.74
31.59,23.59,40.34,23.75
31.61,23.61,40.46,23.78
31.62,23.64,40.58,23.81
31.63,23.66,40.65,23.83
31.64,23.69,40.59,23.85
31.65,23.74,40.65,23.85
31.66,23.79,40.6,23.86
31.67,23.83,40.47,23.88
31.68,23.87,40.48,23.88
31.68,23.91,40.6,23.9
31.69,23.95,40.38,23.92
31.69,23.98,40.46,23.94
31.7,24.01,40.47,23.97
31.7,24.04,40.32,23.98
31.7,24.09,40.25,23.98
31.7,24.12,40.34,24.01
31.69,24.16,40.53,24.04
31.69,24.21,40.6,24.05
31.68,24.26,40.85,24.06
31.67,24.28,40.79,24.13
31.66,24.33,40.39,24.14
31.64,24.38,39.53,24.14
31.63,24.43,39.55,24.16
31.61,24.47,39.59,24.18
31.59,24.51,39.65,24.2
31.58,24.55,39.64,24.22
31.56,24.58,39.62,24.24
31.54,24.6,39.46,24.27
31.52,24.62,39.38,24.31
31.5,24.66,39.19,24.31
31.48,24.69,39.19,24.35
31.46,24.73,39.33,24.36
31.44,24.77,39.33,24.38
31.42,24.81,39.36,24.41
31.41,24.85,39.6,24.42
31.39,24.88,39.79,24.45
31.37,24.92,39.53,24.46
31.36,24.95,39.58,24.47
31.34,24.98,39.24,24.51
31.33,25.02,38.91,24.53
31.32,25.04,38.72,24.59
31.31,25.06,38.66,24.65
31.31,25.1,38.62,24.67
31.3,25.14,38.6,24.69
31.3,25.17,38.62,24.73
31.3,25.21,38.67,24.76
31.3,25.24,38.48,24.8
31.3,25.27,38.41,24.85
31.3,25.31,38.37,24.87
31.3,25.35,38.32,24.9
31.31,25.39,38.56,24.93
31.32,25.44,38.9,24.94
31.32,25.48,38.88,24.98
31.33,25.5,38.54,25.03
31.34,25.52,38.64,25.08
31.35,25.53,38.91,25.14
31.36,25.55,38.92,25.2
31.37,25.58,38.82,25.24
31.38,25.61,38.68,25.27
31.39,25.65,38.7,25.3
31.4,25.68,38.85,25.34
31.41,25.71,38.72,25.37
31.42,25.74,38.63,25.41
31.43,25.79,38.6,25.43
31.44,25.84,38.53,25.45
31.45,25.89,38.47,25.47
31.46,25.93,38.74,25.5
31.47,25.96,38.73,25.53
31.48,25.96,38.29,25.59
31.49,25.96,38.12,25.64
31.49,25.96,38.05,25.67
31.5,25.98,38.24,25.68
31.5,26,38.26,25.69
31.5,26.01,38.23,25.7
31.5,26.01,38.1,25.73
31.5,26.02,38.09,25.76
31.49,26.03,37.99,25.77
31.48,26.04,37.86,25.78
31.47,26.05,37.83,25.81
31.45,26.06,37.89,25.82
31.43,26.08,37.77,25.81
31.41,26.08,37.67,25.83
31.39,26.09,37.58,25.82
31.37,26.09,37.69,25.84
31.35,26.1,37.66,25.85
31.32,26.1,37.67,25.87
31.3,26.1,37.7,25.85
31.27,26.1,37.66,25.84
31.25,26.09,37.66,25.83
31.22,26.1,37.63,25.8
31.19,26.1,37.68,25.8
31.17,26.1,37.73,25.8
31.15,26.11,37.73,25.8
31.12,26.11,37.84,25.82
31.1,26.12,37.82,25.83
31.08,26.14,37.84,25.83
31.06,26.15,37.84,25.85
31.04,26.17,37.84,25.84
31.03,26.18,37.84,25.88
31.02,26.18,37.84,25.9
31.01,26.18,37.82,25.91
31,26.17,37.84,25.94
31,26.19,37.84,25.94
31,26.21,37.84,25.93
31.01,26.19,37.91,25.98
31.02,26.13,38.06,26.09
31.04,26.06,38.1,26.21
31.06,25.99,38.2,26.32
31.09,25.94,38.22,26.39
31.13,25.88,38.2,26.45
31.17,25.84,38.26,26.45
31.21,25.8,38.26,26.48
31.26,25.77,38.39,26.48
31.31,25.76,38.43,26.45
31.36,25.76,38.51,26.44
31.42,25.75,38.53,26.44
31.48,25.74,38.59,26.43
31.54,25.75,38.65,26.4
31.6,25.76,38.66,26.38
31.66,25.77,38.73,26.37
31.72,25.77,38.73,26.38
31.78,25.79,38.8,26.37
31.84,25.82,38.89,26.34
31.89,25.84,38.93,26.34
31.95,25.87,39.02,26.34
32,25.89,39.01,26.34
32.06,25.91,39.01,26.33
32.1,25.93,38.99,26.34
32.15,25.94,38.93,26.35
32.19,25.95,39,26.36
32.22,25.95,39.49,26.37
32.26,25.95,39.6,26.38
32.28,25.93,39.5,26.41
32.3,25.91,39.33,26.43
32.32,25.88,39.26,26.45
32.33,25.86,39.23,26.44
32.34,25.82,39.18,26.45
32.35,25.79,39.17,26.41
32.36,25.75,39.18,26.41
32.37,25.71,39.18,26.39
32.37,25.68,39.16,26.36
32.38,25.64,39.19,26.33
32.38,25.6,39.23,26.3
32.39,25.55,39.3,26.3
32.39,25.51,39.21,26.26
32.39,25.47,39.24,26.23
32.4,25.43,39.24,26.2
32.4,25.38,39.07,26.18
32.4,25.33,39.04,26.16
32.4,25.28,39.2,26.15
32.4,25.24,39.49,26.11
32.41,25.19,39.25,26.09
32.41,25.14,39.07,26.06
32.41,25.1,39.18,26.02
32.41,25.05,39.13,25.99
32.42,25,39.12,25.96
32.42,24.95,39.17,25.93
32.43,24.9,39.14,25.91
32.44,24.85,39.29,25.88
32.45,24.81,39.23,25.83
32.46,24.76,39.2,25.8
32.47,24.71,39.21,25.77
32.48,24.66,39.21,25.74
32.5,24.62,39.25,25.7
32.52,24.57,39.34,25.68
32.53,24.52,39.37,25.66
32.55,24.48,39.56,25.61
32.57,24.44,39.51,25.57
32.59,24.41,39.69,25.52
32.61,24.36,39.94,25.48
32.63,24.32,40.17,25.44
32.65,24.29,40.3,25.38
32.67,24.26,40.35,25.29
32.69,24.21,40.49,25.26
32.71,24.17,40.42,25.21
32.73,24.12,40.32,25.19
32.75,24.08,40.26,25.16
32.77,24.03,40.1,25.14
32.79,23.99,40.09,25.1
32.81,23.93,40.14,25.08
32.83,23.89,40.07,25.04
32.85,23.85,40.2,24.99
32.87,23.81,40.12,24.95
32.89,23.76,40.29,24.92
32.92,23.72,40.17,24.86
32.94,23.68,40.27,24.81
32.96,23.63,40.38,24.78
32.98,23.59,40.47,24.73
33,23.55,40.48,24.68
33.02,23.51,40.55,24.65
33.04,23.46,40.78,24.62
33.06,23.41,40.68,24.6
33.08,23.36,40.48,24.56
33.1,23.31,40.61,24.53
33.12,23.27,40.75,24.49
33.14,23.23,40.83,24.46
33.16,23.19,40.68,24.43
33.18,23.16,40.6,24.39
33.2,23.12,40.63,24.37
33.22,23.08,40.76,24.34
33.25,23.04,40.61,24.3
33.27,23,40.66,24.28
33.29,22.97,40.55,24.26
33.31,22.93,40.76,24.23
33.33,22.9,40.66,24.19
33.35,22.86,40.74,24.16
33.37,22.82,40.93,24.14
33.39,22.78,40.95,24.1
33.41,22.75,40.87,24.05
33.43,22.72,41.2,24.02
33.45,22.69,41.14,23.98
33.47,22.66,41.27,23.94
33.49,22.64,41.5,23.9
33.5,22.62,41.44,23.84
33.52,22.59,41.36,23.8
33.53,22.55,41.52,23.77
33.55,22.52,41.63,23.73
33.56,22.49,41.51,23.68
33.57,22.45,41.51,23.65
33.58,22.4,41.61,23.64
33.59,22.36,41.58,23.62
33.59,22.32,41.71,23.58
33.6,22.29,41.67,23.53
33.6,22.26,41.79,23.48
33.6,22.25,42.33,23.4
33.58,22.22,42.07,23.36
33.55,22.19,41.89,23.33
33.5,22.16,41.86,23.31
33.45,22.13,42.16,23.28
33.39,22.1,42.12,23.25
33.32,22.07,42.14,23.23
33.24,22.02,42.28,23.22
33.15,21.98,42.36,23.2
33.06,21.94,42.64,23.19
32.96,21.91,42.61,23.16
32.86,21.87,42.42,23.13
32.75,21.83,42.39,23.08
32.64,21.81,42.63,23.04
32.53,21.78,42.36,23.01
32.42,21.74,42.51,22.99
32.31,21.72,42.78,22.94
32.2,21.68,42.65,22.91
32.09,21.64,42.7,22.9
31.99,21.6,42.61,22.89
31.89,21.56,42.75,22.86
31.79,21.54,42.79,22.81
31.7,21.51,42.96,22.78
31.62,21.49,42.82,22.74
31.54,21.46,42.62,22.7
31.47,21.45,42.76,22.63
31.41,21.42,42.92,22.59
31.36,21.4,43.06,22.55
31.33,21.38,43.36,22.51
31.3,21.36,43.2,22.47
31.28,21.34,43.01,22.44
31.27,21.31,42.81,22.42
31.27,21.28,43.17,22.41
31.27,21.25,43.56,22.4
31.27,21.22,43.43,22.38
31.28,21.19,43.31,22.36
31.29,21.16,43.24,22.33
31.3,21.12,43.55,22.33
31.32,21.09,43.58,22.3
31.34,21.06,43.67,22.29
31.36,21.03,43.63,22.27
31.39,21.01,43.84,22.23
31.41,21,44.1,22.17
31.44,20.98,44.31,22.12
31.46,20.96,44.16,22.09
31.49,20.93,44.04,22.07
31.51,20.9,43.92,22.05
31.54,20.87,44.24,22.01
31.56,20.84,43.92,21.96
31.58,20.8,44.3,21.96
31.6,20.77,44.05,21.93
31.62,20.74,44.01,21.9
31.63,20.71,44.07,21.88
31.64,20.69,44.36,21.84
31.64,20.67,44.17,21.8
31.65,20.65,44.31,21.77
31.64,20.63,44.23,21.75
31.63,20.61,44.26,21.72
31.62,20.59,44.38,21.68
31.6,20.57,44.37,21.64
31.57,20.55,44.33,21.61
31.55,20.53,44.43,21.59
31.52,20.5,44.63,21.59
31.48,20.49,44.79,21.55
31.44,20.47,44.65,21.51
31.4,20.45,44.65,21.46
31.36,20.43,44.76,21.4
31.32,20.41,44.8,21.31
31.28,20.38,44.8,21.23
31.23,20.35,44.73,21.18
31.18,20.32,44.68,21.14
31.13,20.29,44.84,21.14
31.09,20.26,44.98,21.15
31.04,20.23,44.91,21.16
30.99,20.2,44.88,21.15
30.94,20.17,44.94,21.16
30.89,20.16,45.02,21.11
30.84,20.13,44.99,21.11
30.79,20.12,44.92,21.08
30.75,20.09,44.92,21.07
30.7,20.06,45.01,21.08
30.66,20.03,45.14,21.08
30.62,20.03,45.23,21.03
30.58,20.03,45.31,21.01
30.54,20.03,45.2,20.97
30.51,20.01,45.16,20.96
30.48,19.98,45.37,20.97
30.45,19.96,45.35,20.95
30.42,19.94,45.52,20.92
30.4,19.92,45.6,20.91
30.38,19.89,45.58,20.9
30.37,19.87,45.47,20.9
30.36,19.85,45.48,20.87
30.35,19.84,45.65,20.84
30.35,19.83,45.66,20.83
30.34,19.8,45.62,20.82
30.34,19.78,45.67,20.82
30.35,19.76,45.83,20.8
30.35,19.75,45.79,20.76
30.36,19.75,45.78,20.71
30.37,19.75,45.78,20.67
30.37,19.73,45.77,20.66
30.38,19.71,45.77,20.67
30.39,19.68,45.88,20.67
30.4,19.66,46.01,20.66
30.41,19.65,46.08,20.63
30.42,19.62,46.08,20.6
30.43,19.61,46.14,20.57
30.44,19.59,46.18,20.53
30.45,19.57,46.28,20.51
30.46,19.56,46.38,20.47
30.46,19.54,46.38,20.46
30.46,19.52,46.38,20.43
30.46,19.51,46.38,20.38
30.46,19.49,46.44,20.34
30.45,19.47,46.58,20.32
30.45,19.46,46.68,20.28
30.43,19.44,46.73,20.24
30.42,19.41,46.78,20.23
30.4,19.39,46.85,20.2
30.38,19.36,46.84,20.18
30.35,19.35,46.96,20.15
30.32,19.33,47.07,20.16
30.28,19.32,47.2,20.13
30.24,19.31,47.13,20.11
30.2,19.3,47.05,20.09
30.16,19.28,47.22,20.08
30.11,19.27,47.28,20.04
30.06,19.25,47.27,20.03
30.01,19.22,47.3,20.02
29.96,19.21,47.35,20
29.9,19.2,47.41,19.96
29.85,19.17,47.48,19.95
29.79,19.15,47.49,19.93
29.74,19.13,47.43,19.9
29.68,19.11,47.55,19.9
29.63,19.08,47.53,19.89
29.58,19.05,47.51,19.88
29.52,19.03,47.6,19.86
29.47,19.01,47.59,19.84
29.42,18.98,47.64,19.84
29.37,18.97,47.7,19.8
29.33,18.94,47.73,19.81
29.28,18.92,47.78,19.79
29.24,18.9,47.78,19.77
29.21,18.88,47.78,19.76
29.17,18.86,47.82,19.74
29.15,18.84,47.82,19.73
29.12,18.82,47.85,19.73
29.1,18.8,47.94,19.71
29.08,18.79,48.02,19.69
29.07,18.78,48.09,19.68
29.06,18.76,48.17,19.69
29.05,18.75,48.23,19.68
29.04,18.74,48.21,19.66
29.04,18.73,48.28,19.65
29.03,18.72,48.27,19.64
29.03,18.71,48.32,19.63
29.03,18.7,48.37,19.61
29.03,18.7,48.41,19.59
29.03,18.71,48.55,19.56
29.04,18.71,48.55,19.55
29.04,18.72,48.54,19.53
29.04,18.72,48.58,19.53
29.05,18.73,48.6,19.51
29.05,18.74,48.95,19.5
29.06,18.74,48.96,19.51
29.06,18.75,48.98,19.51
29.06,18.74,49.03,19.54
29.06,18.74,49.03,19.56
29.07,18.74,49.08,19.57
29.07,18.74,49.2,19.59
29.06,18.74,49.03,19.6
29.06,18.75,49.15,19.61
29.06,18.76,49.16,19.6
29.05,18.76,49.12,19.61
29.04,18.77,49.11,19.61
29.03,18.79,49.09,19.59
29.02,18.79,49.01,19.59
29,18.79,48.95,19.58
28.98,18.79,48.93,19.57
28.96,18.81,49.03,19.54
28.94,18.83,49.03,19.53
28.91,18.86,49.02,19.53
28.88,18.9,48.99,19.52
28.85,18.91,48.89,19.51
28.82,18.92,48.6,19.49
28.79,18.91,48.45,19.45
28.76,18.9,48.24,19.41
28.73,18.89,48.04,19.37
28.69,18.87,47.9,19.34
28.66,18.85,47.83,19.32
28.63,18.84,47.67,19.28
28.59,18.83,47.58,19.24
28.56,18.82,47.42,19.2
28.52,18.81,47.37,19.17
28.49,18.8,47.19,19.16
28.46,18.8,47.06,19.11
28.43,18.79,46.99,19.1
28.4,18.79,46.89,19.09
28.37,18.8,46.8,19.07
28.34,18.83,46.67,19.03
28.32,18.85,46.5,19.02
28.29,18.9,46.37,18.97
28.27,18.95,46.28,18.94
28.25,19,46.21,18.91
28.23,19.05,46.09,18.9
28.22,19.11,46.02,18.88
28.21,19.18,45.84,18.85
28.2,19.24,45.73,18.86
28.19,19.31,45.53,18.84
28.19,19.37,45.43,18.86
28.18,19.44,45.31,18.86
28.18,19.52,45.23,18.86
28.17,19.59,45.05,18.88
28.17,19.66,44.93,18.89
28.16,19.72,44.82,18.92
28.16,19.79,44.71,18.93
28.15,19.84,44.64,18.98
28.15,19.9,44.51,19.01
28.14,19.96,44.33,19.04
28.14,20.01,44.21,19.08
28.14,20.07,44.09,19.11
28.13,20.13,44.01,19.14
28.13,20.18,43.88,19.19
28.13,20.23,43.74,19.23
28.12,20.28,43.61,19.27
28.12,20.34,43.51,19.3
28.12,20.4,43.44,19.33
28.12,20.46,43.34,19.35
28.12,20.51,43.15,19.39
28.11,20.57,43.01,19.43
28.11,20.62,42.9,19.47
28.11,20.67,42.85,19.52
28.11,20.72,42.7,19.57
28.11,20.77,42.54,19.63
28.1,20.81,42.48,19.7
28.1,20.85,42.33,19.76
28.1,20.9,42.24,19.8
28.1,20.93,42.2,19.88
30.7,22.64,39.92,23.28
30.71,22.65,40.01,23.3
30.73,22.66,39.96,23.31
30.76,22.67,40.4,23.32
30.8,22.69,40.37,23.32
30.84,22.71,40.36,23.31
30.89,22.73,40.42,23.3
30.94,22.74,40.39,23.31
31.01,22.76,40.43,23.3
31.07,22.77,40.49,23.32
31.14,22.78,40.77,23.35
31.21,22.8,40.9,23.35
31.29,22.82,41.06,23.38
31.37,22.85,41.15,23.4
31.45,22.87,41.15,23.43
31.53,22.9,41.15,23.45
31.61,22.92,41.14,23.49
31.69,22.94,41.15,23.53
31.77,22.97,41.15,23.56
31.84,23,41.15,23.59
31.92,23.02,41.16,23.63
31.99,23.04,41.16,23.69
32.06,23.06,41.11,23.74
32.12,23.09,41.09,23.77
32.18,23.12,41.08,23.81
32.24,23.15,41.08,23.85
32.28,23.19,41.05,23.88
32.32,23.22,40.99,23.92
32.36,23.26,40.98,23.96
32.38,23.29,41.01,24.01
32.4,23.33,41.1,24.05
32.41,23.37,41.07,24.08
32.41,23.41,40.99,24.14
32.41,23.47,41.6,24.17
32.4,23.52,42.38,24.23
32.39,23.55,42.48,24.3
32.37,23.6,42.29,24.35
32.35,23.64,42.43,24.4
32.33,23.68,42.16,24.45
32.3,23.71,42.06,24.52
32.27,23.75,42.1,24.57
32.24,23.78,41.92,24.62
32.21,23.81,41.96,24.67
32.17,23.85,41.78,24.71
32.13,23.89,41.46,24.76
32.1,23.93,41.3,24.8
32.06,23.96,41.25,24.85
32.03,24,41.34,24.88
31.99,24.03,41.57,24.93
31.96,24.07,41.91,24.96
31.93,24.1,42.1,25
31.9,24.14,42.09,25.04
31.87,24.17,42.13,25.09
31.85,24.21,42.01,25.13
31.83,24.24,42.08,25.17
31.81,24.27,41.47,25.22
31.8,24.3,41.29,25.26
31.79,24.33,41.25,25.31
31.79,24.36,41.15,25.35
31.79,24.4,41.4,25.38
31.8,24.44,41.18,25.44
31.81,24.48,41.03,25.49
31.83,24.52,41.2,25.54
31.86,24.56,41.2,25.59
31.88,24.59,41.19,25.65
31.91,24.64,40.93,25.67
31.95,24.67,40.82,25.72
31.98,24.71,40.95,25.75
32.02,24.75,41.09,25.79
32.06,24.79,40.96,25.82
32.1,24.82,41.22,25.86
32.15,24.86,41.2,25.89
32.19,24.9,41.09,25.92
32.24,24.93,40.91,25.96
32.28,24.97,41.06,25.98
32.33,25.01,40.9,26.01
32.38,25.04,40.9,26.05
32.42,25.07,40.9,26.09
32.47,25.11,40.83,26.1
32.51,25.14,40.54,26.14
32.55,25.18,40.24,26.16
32.59,25.21,40.1,26.21
32.63,25.24,40.04,26.25
32.66,25.28,40.02,26.29
32.69,25.31,40.38,26.33
32.72,25.35,40.51,26.35
32.74,25.38,40.45,26.39
32.77,25.4,40.08,26.43
32.78,25.42,40.12,26.47
32.79,25.43,40.38,26.5
32.8,25.44,40.43,26.54
32.8,25.45,40.53,26.56
32.8,25.46,40.54,26.6
32.79,25.48,40.22,26.6
32.77,25.49,40.33,26.6
32.76,25.49,40.37,26.62
32.73,25.49,40.44,26.64
32.71,25.5,40.37,26.63
32.68,25.5,40.3,26.64
32.65,25.51,40.2,26.63
32.61,25.52,40.19,26.63
32.58,25.53,40.07,26.62
32.54,25.53,40.03,26.62
32.5,25.53,40.17,26.63
32.47,25.53,40.11,26.63
32.43,25.53,39.86,26.63
32.39,25.53,39.99,26.62
32.35,25.53,40.22,26.59
32.31,25.52,40.83,26.57
32.28,25.5,40.53,26.57
32.25,25.49,40.22,26.55
32.21,25.48,39.79,26.52
32.19,25.47,39.85,26.5
32.16,25.47,39.49,26.49
32.14,25.48,39.32,26.47
32.12,25.49,39.33,26.45
32.11,25.49,39.41,26.46
32.1,25.49,39.68,26.46
32.09,25.49,40.68,26.47
32.09,25.49,40.93,26.48
32.1,25.5,40.78,26.48
32.11,25.51,40.21,26.49
32.13,25.53,40.01,26.51
32.14,25.56,39.47,26.5
32.16,25.58,39.23,26.5
32.19,25.58,39.38,26.53
32.21,25.57,39.28,26.55
32.24,25.55,39.03,26.59
32.27,25.55,38.82,26.58
32.3,25.56,39.56,26.58
32.33,25.59,39.41,26.56
32.36,25.62,39.34,26.54
32.4,25.64,39.46,26.57
32.43,25.66,39.01,26.58
32.47,25.68,38.94,26.6
32.51,25.71,39.19,26.62
32.54,25.74,39.35,26.63
32.58,25.77,39.25,26.64
32.62,25.8,39.19,26.64
32.66,25.83,39.17,26.66
32.69,25.87,39.21,26.64
32.73,25.91,39.13,26.64
32.77,25.96,39.09,26.62
32.8,26,39.23,26.63
32.83,26.04,39.24,26.62
32.87,26.07,39.14,26.63
32.9,26.1,39.29,26.63
32.93,26.12,39.04,26.65
32.95,26.13,39.1,26.66
32.98,26.14,39.02,26.65
33,26.14,38.99,26.66
33.02,26.12,38.95,26.67
33.04,26.1,39.04,26.68
33.07,26.08,39.75,26.67
33.09,26.06,39.92,26.66
33.11,26.04,39.21,26.63
33.14,26.01,38.82,26.63
33.16,25.98,39.31,26.61
33.18,25.95,39.55,26.59
33.21,25.91,39.5,26.56
33.23,25.87,39.2,26.53
33.25,25.83,39.09,26.5
33.27,25.78,38.92,26.46
33.29,25.73,38.54,26.43
33.32,25.68,38.51,26.41
33.34,25.63,38.51,26.38
33.36,25.59,38.56,26.35
33.37,25.54,38.47,26.32
33.39,25.5,38.54,26.27
33.41,25.45,38.51,26.24
33.42,25.4,38.64,26.21
33.44,25.35,38.81,26.17
33.45,25.29,38.85,26.16
33.46,25.24,38.83,26.13
33.47,25.2,38.74,26.07
33.48,25.14,38.75,26.04
33.49,25.09,38.81,25.99
33.49,25.04,38.79,25.95
33.5,25,38.89,25.89
33.5,24.96,38.85,25.82
33.5,24.92,38.74,25.73
33.5,24.87,38.88,25.68
33.49,24.82,38.94,25.65
33.48,24.77,39.01,25.6
33.47,24.7,38.94,25.58
33.46,24.65,39.04,25.53
33.45,24.59,39.08,25.49
33.43,24.54,39.15,25.45
33.41,24.48,39.15,25.41
33.39,24.43,39.23,25.36
33.37,24.38,39.36,25.32
33.35,24.33,39.47,25.28
33.33,24.27,39.59,25.24
33.31,24.22,39.64,25.19
33.28,24.17,39.65,25.14
33.26,24.12,39.68,25.1
33.24,24.06,39.7,25.06
33.21,24,39.79,25.03
33.19,23.95,39.87,24.99
33.17,23.89,40.01,24.97
33.15,23.84,40.03,24.93
33.12,23.79,40.05,24.89
33.1,23.74,40.12,24.82
33.08,23.69,40.19,24.78
33.07,23.65,40.2,24.73
33.05,23.6,40.3,24.67
33.04,23.55,40.42,24.64
33.02,23.49,40.44,24.61
33.01,23.44,40.46,24.56
33.01,23.39,40.5,24.53
33,23.34,40.61,24.5
33,23.3,40.76,24.46
33,23.27,40.94,24.42
33,23.24,40.95,24.38
33.01,23.2,40.91,24.34
33.02,23.16,40.95,24.29
33.03,23.11,41,24.27
33.04,23.07,40.99,24.22
33.06,23.03,41.07,24.19
33.07,22.99,41.21,24.14
33.09,22.95,41.18,24.1
33.11,22.91,41.29,24.05
33.13,22.87,41.39,24.01
33.15,22.82,41.39,23.96
33.17,22.78,41.45,23.91
33.2,22.73,41.56,23.87
33.22,22.69,41.57,23.82
33.24,22.64,41.58,23.78
33.26,22.6,41.62,23.73
33.28,22.55,41.69,23.69
33.3,22.51,41.76,23.64
33.32,22.46,41.81,23.61
33.34,22.42,41.87,23.57
33.35,22.38,41.93,23.53
33.37,22.34,42.1,23.5
33.38,22.3,42.16,23.48
33.39,22.26,42.25,23.45
33.4,22.21,42.25,23.43
33.4,22.17,42.3,23.4
33.4,22.13,42.35,23.36
33.4,22.08,42.41,23.35
33.39,22.04,42.44,23.3
33.39,22,42.52,23.27
33.37,21.97,42.59,23.24
33.36,21.95,42.73,23.21
33.34,21.91,42.73,23.18
33.31,21.88,42.72,23.13
33.29,21.84,42.77,23.09
33.26,21.82,42.84,23.03
33.23,21.79,42.84,22.99
33.2,21.76,42.98,22.94
33.16,21.73,43.03,22.9
33.13,21.7,43.05,22.86
33.09,21.67,43.17,22.82
33.06,21.63,43.24,22.78
33.02,21.59,43.3,22.76
32.98,21.56,43.34,22.72
32.94,21.53,43.47,22.67
32.91,21.5,43.67,22.6
32.87,21.46,43.81,22.57
32.84,21.41,43.99,22.56
32.8,21.36,44.04,22.55
32.77,21.31,44.03,22.54
32.74,21.27,44.08,22.5
32.71,21.23,44.1,22.48
32.68,21.19,44.25,22.45
32.66,21.15,44.31,22.42
32.64,21.1,44.3,22.4
32.62,21.06,44.19,22.36
32.61,21.01,44.16,22.34
32.6,20.97,44.26,22.3
32.59,20.92,44.29,22.27
32.59,20.89,44.25,22.23
32.59,20.87,44.27,22.19
32.59,20.84,44.41,22.15
32.6,20.82,44.44,22.09
32.61,20.79,44.42,22.05
32.62,20.78,44.28,22.01
32.63,20.75,44.17,22
32.65,20.74,44.46,21.95
32.66,20.71,44.54,21.93
32.68,20.68,44.64,21.91
32.7,20.64,44.76,21.89
32.72,20.61,44.81,21.85
32.73,20.58,44.8,21.82
32.75,20.54,44.86,21.8
32.77,20.5,44.82,21.79
32.79,20.47,44.74,21.77
32.81,20.44,44.77,21.74
32.83,20.41,44.86,21.73
32.84,20.39,44.81,21.67
32.86,20.36,45.01,21.64
32.87,20.32,44.98,21.63
32.89,20.3,44.96,21.59
32.9,20.27,44.99,21.57
32.9,20.25,45.03,21.53
32.91,20.21,45.07,21.51
32.91,20.18,45.21,21.48
32.91,20.15,45.17,21.44
32.91,20.11,45.26,21.41
32.9,20.07,45.33,21.38
32.89,20.04,45.28,21.34
32.88,20.02,45.36,21.3
32.86,19.99,45.44,21.3
32.84,19.98,45.49,21.24
32.82,19.97,45.59,21.21
32.79,19.96,45.64,21.16
32.76,19.94,45.67,21.14
32.74,19.93,45.8,21.1
32.71,19.9,45.83,21.1
32.67,19.88,45.8,21.07
32.64,19.85,45.82,21.04
32.61,19.83,45.8,20.99
32.57,19.8,45.89,20.96
32.54,19.78,46.02,20.92
32.5,19.75,45.86,20.89
32.47,19.74,45.9,20.85
32.43,19.74,46,20.79
32.4,19.73,46,20.75
32.36,19.71,46.08,20.74
32.33,19.7,46.17,20.7
32.3,19.69,46.14,20.69
32.27,19.69,46.12,20.66
32.24,19.69,46.14,20.61
32.21,19.69,46.12,20.57
32.19,19.68,46.16,20.52
32.16,19.66,46.22,20.48
32.14,19.65,46.21,20.42
32.13,19.62,46.24,20.38
32.11,19.58,46.21,20.34
32.1,19.54,46.25,20.3
32.09,19.5,46.3,20.26
32.08,19.46,46.28,20.23
32.08,19.44,46.4,20.21
32.07,19.42,46.45,20.17
32.06,19.4,46.37,20.11
32.06,19.37,46.27,20.05
32.06,19.33,46.27,20
32.05,19.28,46.26,19.97
32.05,19.24,46.2,19.93
32.05,19.21,46.35,19.88
32.05,19.18,46.39,19.84
32.05,19.14,46.36,19.81
32.06,19.09,46.24,19.78
32.06,19.03,46.17,19.77
32.06,18.97,46.25,19.75
32.07,18.93,46.3,19.73
32.07,18.9,46.32,19.71
32.08,18.87,46.33,19.67
32.08,18.85,46.33,19.62
32.09,18.83,46.33,19.58
32.1,18.8,46.34,19.55
32.11,18.76,46.4,19.52
32.12,18.73,46.39,19.48
32.13,18.7,46.4,19.44
32.14,18.67,46.4,19.39
32.15,18.64,46.37,19.36
32.16,18.61,46.38,19.33
32.17,18.59,46.34,19.27
32.19,18.56,46.3,19.25
32.2,18.53,46.35,19.21
32.22,18.51,46.5,19.18
32.23,18.51,46.7,19.15
32.25,18.51,47.03,19.14
32.27,18.51,46.84,19.14
32.29,18.51,46.77,19.14
32.31,18.52,47.09,19.13
32.34,18.52,47.08,19.13
32.36,18.52,46.88,19.13
32.39,18.51,46.76,19.12
32.41,18.5,46.68,19.09
32.44,18.48,46.64,19.08
32.47,18.46,46.56,19.07
32.49,18.45,46.5,19.05
32.52,18.44,46.45,19.03
32.55,18.43,46.45,19.02
32.58,18.42,46.38,18.99
32.6,18.41,46.38,18.96
32.63,18.41,46.46,18.94
32.66,18.41,46.47,18.93
32.69,18.41,46.47,18.91
32.71,18.41,46.46,18.89
32.74,18.42,46.44,18.85
32.76,18.41,46.43,18.84
32.79,18.42,46.45,18.81
32.81,18.42,46.43,18.79
32.83,18.42,46.35,18.79
32.85,18.43,46.38,18.77
32.87,18.43,46.39,18.77
32.88,18.44,46.29,18.76
32.9,18.46,46.26,18.74
32.91,18.47,46.22,18.76
32.93,18.5,46.35,18.78
32.94,18.55,46.55,18.81
32.95,18.61,46.62,18.83
32.96,18.66,46.54,18.86
32.97,18.7,46.53,18.9
32.98,18.74,46.5,18.94
32.98,18.79,46.56,18.95
32.99,18.85,46.51,18.96
32.99,18.92,46.54,18.96
33,19,46.42,18.97
33,19.07,46.4,19.01
33,19.13,46.3,19.08
33,19.18,46.17,19.16
33,19.23,46.1,19.23
33,19.29,46.21,19.3
33,19.37,46.14,19.38
33,19.46,46.2,19.48
33,19.56,46.24,19.56
32.99,19.64,46.33,19.66
32.99,19.72,46.4,19.75
32.98,19.8,46.4,19.83
32.97,19.86,46.43,19.92
32.96,19.92,46.34,19.99
32.96,19.95,45.98,20.06
32.95,19.98,45.88,20.12
32.94,20.02,45.73,20.17
32.92,20.06,45.68,20.22
32.91,20.09,45.8,20.29
32.9,20.13,45.76,20.38
32.89,20.16,45.8,20.49
32.87,20.2,45.84,20.59
32.85,20.25,45.67,20.65
32.83,20.31,45.72,20.69
32.8,20.36,45.67,20.73
32.78,20.38,45.44,20.79
32.75,20.38,45.21,20.84
32.72,20.37,45.03,20.87
32.69,20.36,44.81,20.89
32.65,20.34,44.69,20.91
32.62,20.33,44.57,20.91
32.58,20.32,44.52,20.9
32.54,20.32,44.4,20.88
32.5,20.32,44.34,20.87
32.46,20.33,44.23,20.87
32.42,20.33,44.13,20.89
32.38,20.34,44.08,20.91
32.34,20.36,43.96,20.92
32.29,20.38,43.85,20.94
32.25,20.4,43.67,20.97
32.2,20.43,43.5,20.99
32.16,20.46,43.4,21.02
32.11,20.49,43.36,21.06
32.07,20.53,43.15,21.08
32.02,20.57,43.08,21.11
31.98,20.61,42.97,21.14
31.93,20.66,42.9,21.17
31.89,20.7,42.81,21.21
31.84,20.74,42.66,21.26
31.8,20.79,42.56,21.29
31.76,20.83,42.4,21.34
31.71,20.87,42.28,21.39
31.67,20.91,42.2,21.44
31.62,20.96,42.13,21.49
31.57,21.01,42.09,21.53
31.52,21.06,41.9,21.57
31.48,21.11,41.77,21.62
31.43,21.16,41.66,21.67
31.38,21.21,41.54,21.72
31.32,21.26,41.47,21.77
31.27,21.32,41.39,21.8
31.22,21.37,41.29,21.85
31.17,21.42,41.16,21.9
31.12,21.47,41.04,21.95
31.06,21.52,40.89,22.01
31.01,21.57,40.83,22.04
30.95,21.6,40.74,22.11
30.9,21.64,40.69,22.16
30.84,21.68,40.57,22.18
30.78,21.7,40.48,22.23
30.73,21.73,40.4,22.26
30.67,21.76,40.32,22.28
30.61,21.78,40.19,22.3
30.55,21.79,40.1,22.32
30.5,21.8,40.05,22.34
30.44,21.8,39.98,22.37
30.38,21.79,39.9,22.4
30.32,21.79,39.87,22.41
30.26,21.79,39.77,22.43
30.2,21.79,39.67,22.45
